transaction_id,date,amount,category,merchant,payment_method,location,is_fraud
1,2026-01-01,24822,Shopping,Amazon,Cash,Kandy,0
2,2026-01-01,9972,Shopping,Daraz,Card,Colombo,0
3,2026-01-01,1302,Transport,Bus,Online Transfer,Galle,0
4,2026-01-01,18664,Healthcare,Pharmacy,Online Transfer,Jaffna,0
5,2026-01-01,1001,Transport,PickMe,Card,Jaffna,0
6,2026-01-01,4541,Shopping,Amazon,Card,Jaffna,0
7,2026-01-02,7766,Entertainment,Gaming,Card,Jaffna,0
8,2026-01-02,15028,Healthcare,Hospital,Card,Kurunegala,0
9,2026-01-02,5204,Healthcare,Hospital,Cash,Kandy,0
10,2026-01-02,14303,Shopping,Fashion Store,Card,Galle,0
11,2026-01-02,9839,Bills,Water,Cash,Galle,0
12,2026-01-02,9419,Entertainment,Netflix,Online Transfer,Colombo,0
13,2026-01-02,7420,Entertainment,Netflix,Cash,Jaffna,0
14,2026-01-02,2557,Bills,Water,Cash,Colombo,0
15,2026-01-02,12196,Shopping,Fashion Store,Cash,Kurunegala,0
16,2026-01-03,2262,Bills,Water,Card,Kandy,0
17,2026-01-03,1320,Bills,Electricity,Online Transfer,Kurunegala,0
18,2026-01-03,2537,Healthcare,Hospital,Card,Colombo,0
19,2026-01-03,7623,Healthcare,Hospital,Online Transfer,Jaffna,0
20,2026-01-03,1388,Transport,Taxi,Card,Kandy,0
21,2026-01-03,393,Transport,Taxi,Cash,Colombo,0
22,2026-01-04,985,Transport,Taxi,Online Transfer,Kurunegala,0
23,2026-01-04,883,Transport,Uber,Cash,Colombo,0
24,2026-01-04,2685,Transport,Taxi,Cash,Kurunegala,0
25,2026-01-04,5935,Shopping,Daraz,Card,Galle,0
26,2026-01-04,10734,Shopping,Daraz,Online Transfer,Kurunegala,0
27,2026-01-05,104323,Bills,Water,Cash,Kurunegala,1
28,2026-01-05,2540,Transport,Uber,Online Transfer,Kandy,0
29,2026-01-05,17611,Shopping,Daraz,Online Transfer,Galle,0
30,2026-01-05,3598,Food,Restaurant,Cash,Colombo,0
31,2026-01-05,19575,Healthcare,Hospital,Online Transfer,Kurunegala,0
32,2026-01-05,574,Food,Cafe,Cash,Kurunegala,0
33,2026-01-05,7826,Shopping,Daraz,Cash,Galle,0
34,2026-01-05,1919,Entertainment,Netflix,Online Transfer,Galle,0
35,2026-01-05,4978,Healthcare,Hospital,Online Transfer,Colombo,0
36,2026-01-06,8332,Healthcare,Hospital,Cash,Kandy,0
37,2026-01-06,2145,Food,Restaurant,Online Transfer,Kurunegala,0
38,2026-01-06,11809,Shopping,Amazon,Cash,Galle,0
39,2026-01-06,11156,Healthcare,Hospital,Card,Jaffna,0
40,2026-01-06,603,Food,KFC,Cash,Jaffna,0
41,2026-01-06,9961,Shopping,Fashion Store,Online Transfer,Jaffna,0
42,2026-01-06,13846,Bills,Water,Cash,Colombo,0
43,2026-01-07,11354,Shopping,Amazon,Online Transfer,Colombo,0
44,2026-01-07,22493,Shopping,Amazon,Card,Jaffna,0
45,2026-01-07,1762,Transport,Uber,Online Transfer,Galle,0
46,2026-01-07,635,Transport,Taxi,Cash,Galle,0
47,2026-01-07,8542,Bills,Internet,Card,Kandy,0
48,2026-01-07,5650,Healthcare,Pharmacy,Online Transfer,Kandy,0
49,2026-01-07,1218,Entertainment,Netflix,Online Transfer,Colombo,0
50,2026-01-07,14732,Bills,Water,Cash,Colombo,0
51,2026-01-07,15687,Healthcare,Hospital,Cash,Kandy,0
52,2026-01-08,8734,Entertainment,Cinema,Card,Kandy,0
53,2026-01-08,609,Transport,Taxi,Online Transfer,Kurunegala,0
54,2026-01-08,20599,Shopping,Amazon,Card,Kandy,0
55,2026-01-08,7773,Shopping,Daraz,Online Transfer,Galle,0
56,2026-01-08,4139,Entertainment,Gaming,Online Transfer,Colombo,0
57,2026-01-08,3517,Food,Cafe,Cash,Galle,0
58,2026-01-08,886,Food,KFC,Card,Colombo,0
59,2026-01-08,4003,Food,Cafe,Cash,Kurunegala,0
60,2026-01-08,12404,Shopping,Fashion Store,Cash,Jaffna,0
61,2026-01-09,9387,Healthcare,Hospital,Online Transfer,Kandy,0
62,2026-01-09,1192,Food,KFC,Card,Colombo,0
63,2026-01-09,2891,Food,Cafe,Card,Galle,0
64,2026-01-09,765,Transport,Bus,Cash,Kurunegala,0
65,2026-01-09,5705,Bills,Electricity,Card,Jaffna,0
66,2026-01-09,13907,Healthcare,Pharmacy,Card,Kurunegala,0
67,2026-01-09,1781,Transport,Taxi,Online Transfer,Kandy,0
68,2026-01-09,3288,Food,Restaurant,Cash,Kurunegala,0
69,2026-01-10,2850,Transport,Uber,Online Transfer,Kurunegala,0
70,2026-01-10,5524,Entertainment,Cinema,Online Transfer,Jaffna,0
71,2026-01-10,2288,Transport,Uber,Cash,Kandy,0
72,2026-01-10,1102,Food,Restaurant,Cash,Kandy,0
73,2026-01-10,1508,Food,Restaurant,Card,Kandy,0
74,2026-01-10,26347,Shopping,Fashion Store,Card,Galle,0
75,2026-01-10,2914,Bills,Electricity,Cash,Kurunegala,0
76,2026-01-11,3466,Bills,Water,Online Transfer,Kurunegala,0
77,2026-01-11,6028,Entertainment,Cinema,Cash,Colombo,0
78,2026-01-11,2342,Transport,Uber,Card,Jaffna,0
79,2026-01-11,7257,Healthcare,Pharmacy,Cash,Kandy,0
80,2026-01-11,6269,Healthcare,Hospital,Cash,Jaffna,0
81,2026-01-11,6527,Bills,Water,Card,Jaffna,0
82,2026-01-11,12268,Healthcare,Hospital,Online Transfer,Galle,0
83,2026-01-11,9150,Healthcare,Hospital,Cash,Jaffna,0
84,2026-01-11,690,Transport,PickMe,Online Transfer,Kurunegala,0
85,2026-01-11,673,Food,Restaurant,Cash,Jaffna,0
86,2026-01-12,1582,Transport,PickMe,Cash,Kandy,0
87,2026-01-12,1670,Entertainment,Netflix,Cash,Kandy,0
88,2026-01-12,1295,Food,KFC,Cash,Kandy,0
89,2026-01-12,2718,Food,KFC,Cash,Kurunegala,0
90,2026-01-12,6670,Entertainment,Gaming,Online Transfer,Kandy,0
91,2026-01-12,22222,Shopping,Amazon,Card,Colombo,0
92,2026-01-12,954,Food,Cafe,Online Transfer,Kandy,0
93,2026-01-12,24452,Shopping,Amazon,Online Transfer,Kandy,0
94,2026-01-13,5401,Healthcare,Pharmacy,Card,Colombo,0
95,2026-01-13,6570,Bills,Water,Cash,Kurunegala,0
96,2026-01-13,9289,Entertainment,Gaming,Cash,Galle,0
97,2026-01-13,1756,Transport,Uber,Cash,Galle,0
98,2026-01-13,2703,Transport,Taxi,Online Transfer,Galle,0
99,2026-01-13,18260,Healthcare,Pharmacy,Online Transfer,Kandy,0
100,2026-01-13,1459,Transport,PickMe,Online Transfer,Kandy,0
101,2026-01-13,8274,Bills,Internet,Online Transfer,Kurunegala,0
102,2026-01-13,2334,Entertainment,Cinema,Online Transfer,Kandy,0
103,2026-01-14,1660,Transport,Bus,Online Transfer,Kurunegala,0
104,2026-01-14,4251,Food,Restaurant,Online Transfer,Kurunegala,0
105,2026-01-14,4717,Food,KFC,Cash,Kandy,0
106,2026-01-14,4387,Food,Restaurant,Cash,Kurunegala,0
107,2026-01-14,2981,Transport,Taxi,Cash,Galle,0
108,2026-01-15,1579,Transport,Taxi,Cash,Kurunegala,0
109,2026-01-15,2274,Food,Restaurant,Online Transfer,Jaffna,0
110,2026-01-15,2478,Transport,Bus,Card,Kurunegala,0
111,2026-01-15,366,Transport,Bus,Card,Kurunegala,0
112,2026-01-15,9052,Entertainment,Gaming,Card,Colombo,0
113,2026-01-15,8983,Entertainment,Gaming,Cash,Colombo,0
114,2026-01-15,25899,Shopping,Amazon,Cash,Jaffna,0
115,2026-01-16,26604,Shopping,Amazon,Online Transfer,Kandy,0
116,2026-01-16,29210,Shopping,Amazon,Online Transfer,Jaffna,0
117,2026-01-16,13375,Bills,Water,Card,Kurunegala,0
118,2026-01-16,4644,Food,Cafe,Card,Colombo,0
119,2026-01-16,1141,Food,Restaurant,Cash,Kandy,0
120,2026-01-16,1560,Food,Pizza Hut,Cash,Colombo,0
121,2026-01-17,1775,Bills,Water,Card,Jaffna,0
122,2026-01-17,1612,Food,Restaurant,Cash,Colombo,0
123,2026-01-17,1687,Healthcare,Hospital,Cash,Galle,0
124,2026-01-17,2650,Healthcare,Hospital,Card,Galle,0
125,2026-01-17,2963,Shopping,Amazon,Online Transfer,Kurunegala,0
126,2026-01-17,3586,Entertainment,Netflix,Online Transfer,Galle,0
127,2026-01-17,114273,Food,Restaurant,Online Transfer,Kurunegala,1
128,2026-01-18,2820,Food,Restaurant,Online Transfer,Kandy,0
129,2026-01-18,10462,Healthcare,Hospital,Cash,Kandy,0
130,2026-01-18,824,Transport,Uber,Cash,Kandy,0
131,2026-01-18,2630,Bills,Water,Cash,Jaffna,0
132,2026-01-18,5246,Healthcare,Pharmacy,Card,Jaffna,0
133,2026-01-18,931,Transport,Uber,Online Transfer,Galle,0
134,2026-01-18,25708,Shopping,Amazon,Card,Colombo,0
135,2026-01-18,3438,Entertainment,Netflix,Card,Colombo,0
136,2026-01-18,6246,Entertainment,Cinema,Card,Kurunegala,0
137,2026-01-19,1801,Transport,PickMe,Online Transfer,Kandy,0
138,2026-01-19,605,Food,Cafe,Card,Jaffna,0
139,2026-01-19,2990,Transport,PickMe,Online Transfer,Kurunegala,0
140,2026-01-19,9102,Healthcare,Pharmacy,Cash,Colombo,0
141,2026-01-19,2521,Transport,Uber,Card,Kandy,0
142,2026-01-19,9156,Entertainment,Cinema,Cash,Galle,0
143,2026-01-19,8253,Bills,Electricity,Cash,Colombo,0
144,2026-01-19,4467,Entertainment,Netflix,Online Transfer,Kandy,0
145,2026-01-19,3568,Food,Restaurant,Cash,Colombo,0
146,2026-01-19,16861,Healthcare,Pharmacy,Online Transfer,Kurunegala,0
147,2026-01-20,366,Transport,Taxi,Card,Kurunegala,0
148,2026-01-20,20554,Shopping,Amazon,Cash,Jaffna,0
149,2026-01-20,4485,Healthcare,Pharmacy,Cash,Kurunegala,0
150,2026-01-20,9780,Entertainment,Gaming,Cash,Galle,0
151,2026-01-20,4820,Food,KFC,Online Transfer,Kurunegala,0
152,2026-01-20,6440,Bills,Water,Online Transfer,Kandy,0
153,2026-01-20,5452,Bills,Water,Cash,Galle,0
154,2026-01-20,12033,Bills,Internet,Cash,Kandy,0
155,2026-01-20,2514,Transport,Uber,Card,Kurunegala,0
156,2026-01-21,2819,Transport,PickMe,Card,Kurunegala,0
157,2026-01-21,15315,Healthcare,Hospital,Cash,Galle,0
158,2026-01-21,10243,Healthcare,Pharmacy,Cash,Jaffna,0
159,2026-01-21,1652,Healthcare,Pharmacy,Cash,Jaffna,0
160,2026-01-21,4178,Entertainment,Netflix,Cash,Jaffna,0
161,2026-01-22,844,Transport,PickMe,Online Transfer,Galle,0
162,2026-01-22,9255,Healthcare,Pharmacy,Online Transfer,Galle,0
163,2026-01-22,19016,Healthcare,Pharmacy,Cash,Kurunegala,0
164,2026-01-22,209596,Healthcare,Pharmacy,Card,Colombo,1
165,2026-01-22,9581,Healthcare,Hospital,Card,Colombo,0
166,2026-01-22,12328,Shopping,Daraz,Card,Kandy,0
167,2026-01-22,20627,Shopping,Daraz,Card,Kurunegala,0
168,2026-01-23,4133,Entertainment,Cinema,Online Transfer,Galle,0
169,2026-01-23,4711,Bills,Water,Online Transfer,Jaffna,0
170,2026-01-23,15868,Shopping,Daraz,Online Transfer,Galle,0
171,2026-01-23,5484,Entertainment,Cinema,Cash,Jaffna,0
172,2026-01-23,7455,Bills,Electricity,Card,Jaffna,0
173,2026-01-23,16421,Healthcare,Pharmacy,Card,Galle,0
174,2026-01-23,998,Transport,Uber,Cash,Jaffna,0
175,2026-01-23,1860,Transport,PickMe,Online Transfer,Colombo,0
176,2026-01-23,3476,Food,KFC,Cash,Kurunegala,0
177,2026-01-24,4946,Entertainment,Cinema,Online Transfer,Kandy,0
178,2026-01-24,5768,Healthcare,Hospital,Card,Colombo,0
179,2026-01-24,587,Entertainment,Gaming,Card,Kandy,0
180,2026-01-24,958,Transport,Taxi,Cash,Colombo,0
181,2026-01-24,6315,Entertainment,Gaming,Card,Colombo,0
182,2026-01-24,3089,Bills,Electricity,Card,Galle,0
183,2026-01-24,27859,Shopping,Daraz,Online Transfer,Kandy,0
184,2026-01-24,26890,Shopping,Daraz,Card,Kurunegala,0
185,2026-01-24,13797,Healthcare,Pharmacy,Cash,Galle,0
186,2026-01-25,727,Transport,Taxi,Card,Kurunegala,0
187,2026-01-25,6062,Entertainment,Cinema,Card,Kandy,0
188,2026-01-25,1561,Food,Pizza Hut,Card,Kandy,0
189,2026-01-25,9517,Entertainment,Netflix,Cash,Jaffna,0
190,2026-01-25,5231,Shopping,Fashion Store,Online Transfer,Jaffna,0
191,2026-01-25,6424,Healthcare,Pharmacy,Cash,Kandy,0
192,2026-01-25,5315,Shopping,Daraz,Cash,Kurunegala,0
193,2026-01-26,1823,Transport,Taxi,Cash,Kandy,0
194,2026-01-26,4932,Food,Cafe,Cash,Kurunegala,0
195,2026-01-26,24413,Shopping,Amazon,Cash,Kurunegala,0
196,2026-01-26,3199,Food,KFC,Cash,Colombo,0
197,2026-01-26,1979,Food,KFC,Online Transfer,Kurunegala,0
198,2026-01-26,10222,Healthcare,Pharmacy,Cash,Kandy,0
199,2026-01-26,6846,Bills,Water,Cash,Kurunegala,0
200,2026-01-26,21745,Shopping,Fashion Store,Card,Colombo,0
201,2026-01-27,18557,Shopping,Fashion Store,Card,Jaffna,0
202,2026-01-27,9835,Entertainment,Gaming,Cash,Colombo,0
203,2026-01-27,4234,Food,Pizza Hut,Online Transfer,Colombo,0
204,2026-01-27,14327,Bills,Water,Card,Colombo,0
205,2026-01-27,1766,Food,KFC,Card,Colombo,0
206,2026-01-27,2896,Transport,Bus,Cash,Colombo,0
207,2026-01-27,4098,Entertainment,Cinema,Card,Kandy,0
208,2026-01-28,7533,Shopping,Daraz,Online Transfer,Galle,0
209,2026-01-28,7611,Entertainment,Netflix,Online Transfer,Colombo,0
210,2026-01-28,6827,Entertainment,Gaming,Cash,Jaffna,0
211,2026-01-28,719,Entertainment,Cinema,Online Transfer,Kurunegala,0
212,2026-01-28,204,Transport,Taxi,Online Transfer,Galle,0
213,2026-01-28,3700,Food,Pizza Hut,Online Transfer,Kurunegala,0
214,2026-01-28,203648,Food,KFC,Cash,Colombo,1
215,2026-01-28,221533,Healthcare,Hospital,Online Transfer,Kurunegala,1
216,2026-01-29,4211,Shopping,Fashion Store,Cash,Kandy,0
217,2026-01-29,2310,Transport,Bus,Card,Galle,0
218,2026-01-29,17334,Shopping,Fashion Store,Card,Kurunegala,0
219,2026-01-29,13069,Shopping,Fashion Store,Cash,Kandy,0
220,2026-01-29,10946,Bills,Water,Online Transfer,Jaffna,0
221,2026-01-30,7024,Entertainment,Gaming,Online Transfer,Jaffna,0
222,2026-01-30,2673,Entertainment,Gaming,Cash,Galle,0
223,2026-01-30,6227,Entertainment,Cinema,Cash,Kurunegala,0
224,2026-01-30,3395,Food,Restaurant,Card,Kurunegala,0
225,2026-01-30,8355,Bills,Electricity,Card,Kandy,0
226,2026-01-30,1755,Transport,Taxi,Cash,Galle,0
227,2026-01-31,4246,Entertainment,Cinema,Cash,Jaffna,0
228,2026-01-31,137604,Transport,Taxi,Online Transfer,Colombo,1
229,2026-01-31,8345,Healthcare,Hospital,Card,Kurunegala,0
230,2026-01-31,4876,Food,KFC,Card,Colombo,0
231,2026-01-31,18190,Healthcare,Hospital,Cash,Jaffna,0
232,2026-02-01,1417,Transport,Taxi,Online Transfer,Galle,0
233,2026-02-01,2823,Entertainment,Netflix,Online Transfer,Kurunegala,0
234,2026-02-01,2988,Food,Cafe,Cash,Galle,0
235,2026-02-01,4647,Food,Cafe,Cash,Kandy,0
236,2026-02-01,5171,Healthcare,Hospital,Online Transfer,Kandy,0
237,2026-02-01,7207,Bills,Electricity,Card,Colombo,0
238,2026-02-01,1049,Transport,Taxi,Online Transfer,Kandy,0
239,2026-02-02,1812,Transport,Uber,Online Transfer,Jaffna,0
240,2026-02-02,4606,Healthcare,Pharmacy,Card,Kurunegala,0
241,2026-02-02,5974,Shopping,Fashion Store,Card,Jaffna,0
242,2026-02-02,2266,Entertainment,Gaming,Online Transfer,Colombo,0
243,2026-02-02,13602,Healthcare,Pharmacy,Online Transfer,Kandy,0
244,2026-02-02,11430,Bills,Electricity,Card,Jaffna,0
245,2026-02-02,1675,Transport,PickMe,Cash,Colombo,0
246,2026-02-03,2361,Transport,PickMe,Online Transfer,Kurunegala,0
247,2026-02-03,6206,Entertainment,Cinema,Card,Colombo,0
248,2026-02-03,2700,Transport,PickMe,Card,Galle,0
249,2026-02-03,110829,Bills,Electricity,Card,Colombo,1
250,2026-02-03,4382,Food,Pizza Hut,Card,Jaffna,0
251,2026-02-03,9413,Shopping,Daraz,Online Transfer,Kurunegala,0
252,2026-02-04,7297,Healthcare,Hospital,Card,Galle,0
253,2026-02-04,1587,Entertainment,Cinema,Online Transfer,Kandy,0
254,2026-02-04,65224,Healthcare,Pharmacy,Online Transfer,Kandy,1
255,2026-02-04,251,Transport,PickMe,Cash,Kandy,0
256,2026-02-04,6375,Healthcare,Hospital,Online Transfer,Kandy,0
257,2026-02-04,250602,Healthcare,Hospital,Cash,Colombo,1
258,2026-02-05,9794,Entertainment,Gaming,Card,Kurunegala,0
259,2026-02-05,4034,Food,KFC,Cash,Galle,0
260,2026-02-05,6000,Healthcare,Pharmacy,Card,Kurunegala,0
261,2026-02-05,1539,Entertainment,Gaming,Card,Jaffna,0
262,2026-02-05,7258,Entertainment,Netflix,Cash,Jaffna,0
263,2026-02-06,3489,Food,Cafe,Cash,Jaffna,0
264,2026-02-06,286623,Entertainment,Gaming,Cash,Galle,1
265,2026-02-06,7234,Bills,Electricity,Online Transfer,Kurunegala,0
266,2026-02-06,24986,Shopping,Amazon,Online Transfer,Galle,0
267,2026-02-06,2120,Bills,Electricity,Card,Colombo,0
268,2026-02-06,14598,Healthcare,Hospital,Cash,Kurunegala,0
269,2026-02-06,10141,Bills,Internet,Online Transfer,Kurunegala,0
270,2026-02-06,4789,Entertainment,Gaming,Cash,Colombo,0
271,2026-02-06,3486,Food,KFC,Card,Kandy,0
272,2026-02-06,5643,Entertainment,Cinema,Online Transfer,Colombo,0
273,2026-02-07,2427,Bills,Electricity,Cash,Kurunegala,0
274,2026-02-07,5575,Shopping,Daraz,Cash,Kandy,0
275,2026-02-07,24070,Shopping,Daraz,Cash,Jaffna,0
276,2026-02-07,2190,Transport,Uber,Cash,Jaffna,0
277,2026-02-07,1328,Bills,Water,Cash,Kandy,0
278,2026-02-07,6694,Entertainment,Cinema,Online Transfer,Jaffna,0
279,2026-02-07,2242,Transport,Bus,Card,Kandy,0
280,2026-02-07,3279,Entertainment,Netflix,Online Transfer,Kandy,0
281,2026-02-08,8573,Entertainment,Cinema,Card,Jaffna,0
282,2026-02-08,6519,Shopping,Fashion Store,Card,Jaffna,0
283,2026-02-08,15488,Shopping,Fashion Store,Cash,Kurunegala,0
284,2026-02-08,12260,Bills,Internet,Card,Kurunegala,0
285,2026-02-08,7738,Bills,Internet,Online Transfer,Galle,0
286,2026-02-08,14875,Bills,Electricity,Card,Jaffna,0
287,2026-02-08,1898,Food,Restaurant,Online Transfer,Kurunegala,0
288,2026-02-09,26236,Shopping,Fashion Store,Cash,Kandy,0
289,2026-02-09,2149,Bills,Internet,Cash,Kurunegala,0
290,2026-02-09,17600,Shopping,Amazon,Card,Kandy,0
291,2026-02-09,1592,Transport,Uber,Card,Galle,0
292,2026-02-09,3635,Bills,Internet,Cash,Jaffna,0
293,2026-02-09,11049,Healthcare,Hospital,Cash,Kandy,0
294,2026-02-09,1184,Food,KFC,Online Transfer,Kandy,0
295,2026-02-09,890,Transport,Taxi,Online Transfer,Kurunegala,0
296,2026-02-10,11435,Bills,Internet,Card,Jaffna,0
297,2026-02-10,294,Transport,PickMe,Cash,Jaffna,0
298,2026-02-10,24162,Shopping,Daraz,Cash,Jaffna,0
299,2026-02-10,154204,Bills,Internet,Cash,Colombo,1
300,2026-02-10,12549,Healthcare,Pharmacy,Online Transfer,Galle,0
301,2026-02-10,9132,Entertainment,Cinema,Online Transfer,Kandy,0
302,2026-02-10,1285,Transport,Bus,Online Transfer,Colombo,0
303,2026-02-10,10502,Bills,Internet,Cash,Colombo,0
304,2026-02-10,5642,Entertainment,Gaming,Online Transfer,Kandy,0
305,2026-02-10,2702,Transport,Uber,Cash,Jaffna,0
306,2026-02-11,1432,Healthcare,Pharmacy,Cash,Kandy,0
307,2026-02-11,9012,Healthcare,Pharmacy,Online Transfer,Colombo,0
308,2026-02-11,1943,Bills,Electricity,Online Transfer,Colombo,0
309,2026-02-11,3869,Food,Pizza Hut,Cash,Jaffna,0
310,2026-02-11,19924,Healthcare,Hospital,Cash,Galle,0
311,2026-02-12,1443,Transport,Bus,Card,Kandy,0
312,2026-02-12,9995,Entertainment,Cinema,Cash,Galle,0
313,2026-02-12,3405,Bills,Water,Online Transfer,Jaffna,0
314,2026-02-12,3998,Entertainment,Gaming,Online Transfer,Kurunegala,0
315,2026-02-12,1790,Bills,Electricity,Online Transfer,Galle,0
316,2026-02-12,877,Transport,PickMe,Card,Kurunegala,0
317,2026-02-12,3528,Food,Pizza Hut,Card,Jaffna,0
318,2026-02-13,63311,Bills,Internet,Card,Colombo,1
319,2026-02-13,5861,Shopping,Daraz,Online Transfer,Kandy,0
320,2026-02-13,7904,Entertainment,Cinema,Online Transfer,Jaffna,0
321,2026-02-13,5683,Entertainment,Gaming,Online Transfer,Colombo,0
322,2026-02-13,9253,Entertainment,Netflix,Online Transfer,Galle,0
323,2026-02-13,5835,Entertainment,Gaming,Card,Galle,0
324,2026-02-13,835,Transport,Bus,Cash,Kurunegala,0
325,2026-02-13,19331,Healthcare,Pharmacy,Online Transfer,Kandy,0
326,2026-02-13,12260,Bills,Internet,Online Transfer,Colombo,0
327,2026-02-14,16062,Shopping,Daraz,Card,Jaffna,0
328,2026-02-14,685,Food,KFC,Online Transfer,Kurunegala,0
329,2026-02-14,2273,Food,Restaurant,Card,Kandy,0
330,2026-02-14,2674,Transport,Bus,Online Transfer,Jaffna,0
331,2026-02-14,924,Entertainment,Cinema,Card,Jaffna,0
332,2026-02-14,1522,Transport,PickMe,Cash,Galle,0
333,2026-02-15,3561,Entertainment,Cinema,Online Transfer,Colombo,0
334,2026-02-15,2057,Entertainment,Gaming,Online Transfer,Galle,0
335,2026-02-15,798,Transport,Bus,Online Transfer,Galle,0
336,2026-02-15,13040,Healthcare,Pharmacy,Card,Colombo,0
337,2026-02-15,6597,Entertainment,Netflix,Online Transfer,Kandy,0
338,2026-02-16,2555,Food,Cafe,Online Transfer,Jaffna,0
339,2026-02-16,2080,Transport,Uber,Cash,Colombo,0
340,2026-02-16,9875,Healthcare,Pharmacy,Cash,Galle,0
341,2026-02-16,613,Transport,Uber,Online Transfer,Galle,0
342,2026-02-16,1251,Transport,Taxi,Card,Kandy,0
343,2026-02-17,9300,Entertainment,Gaming,Online Transfer,Jaffna,0
344,2026-02-17,10368,Healthcare,Pharmacy,Cash,Galle,0
345,2026-02-17,24677,Shopping,Fashion Store,Online Transfer,Colombo,0
346,2026-02-17,11340,Shopping,Fashion Store,Card,Kurunegala,0
347,2026-02-17,8044,Bills,Water,Card,Colombo,0
348,2026-02-17,443,Transport,Bus,Online Transfer,Colombo,0
349,2026-02-17,10214,Bills,Electricity,Card,Galle,0
350,2026-02-18,19144,Healthcare,Pharmacy,Online Transfer,Jaffna,0
351,2026-02-18,8590,Entertainment,Gaming,Card,Colombo,0
352,2026-02-18,241421,Transport,Bus,Online Transfer,Kurunegala,1
353,2026-02-18,10668,Shopping,Daraz,Online Transfer,Kandy,0
354,2026-02-18,4262,Food,Pizza Hut,Cash,Kurunegala,0
355,2026-02-18,87046,Shopping,Amazon,Card,Kandy,1
356,2026-02-18,226417,Food,KFC,Online Transfer,Kurunegala,1
357,2026-02-18,4318,Bills,Water,Online Transfer,Colombo,0
358,2026-02-18,323,Transport,Taxi,Card,Galle,0
359,2026-02-18,270518,Food,KFC,Online Transfer,Jaffna,1
360,2026-02-19,1524,Healthcare,Pharmacy,Card,Jaffna,0
361,2026-02-19,21865,Shopping,Amazon,Online Transfer,Kurunegala,0
362,2026-02-19,1067,Transport,Bus,Card,Galle,0
363,2026-02-19,19277,Shopping,Amazon,Online Transfer,Galle,0
364,2026-02-19,15234,Healthcare,Hospital,Cash,Kurunegala,0
365,2026-02-19,12333,Healthcare,Hospital,Card,Jaffna,0
366,2026-02-20,8172,Entertainment,Cinema,Card,Galle,0
367,2026-02-20,14659,Bills,Electricity,Online Transfer,Kandy,0
368,2026-02-20,3154,Entertainment,Gaming,Online Transfer,Kurunegala,0
369,2026-02-20,2236,Transport,Bus,Card,Colombo,0
370,2026-02-20,55223,Transport,PickMe,Card,Kandy,1
371,2026-02-21,1575,Transport,Uber,Card,Galle,0
372,2026-02-21,1013,Bills,Water,Card,Kandy,0
373,2026-02-21,4534,Entertainment,Gaming,Cash,Kandy,0
374,2026-02-21,4637,Entertainment,Gaming,Cash,Kurunegala,0
375,2026-02-21,1528,Transport,PickMe,Card,Colombo,0
376,2026-02-21,78621,Shopping,Amazon,Cash,Galle,1
377,2026-02-21,1479,Transport,Bus,Cash,Kandy,0
378,2026-02-21,1435,Bills,Water,Card,Kandy,0
379,2026-02-21,14375,Shopping,Fashion Store,Card,Kandy,0
380,2026-02-22,15279,Healthcare,Hospital,Card,Jaffna,0
381,2026-02-22,9082,Bills,Electricity,Card,Colombo,0
382,2026-02-22,4941,Food,Pizza Hut,Cash,Kandy,0
383,2026-02-22,15522,Healthcare,Hospital,Online Transfer,Kurunegala,0
384,2026-02-22,2629,Transport,Bus,Cash,Kandy,0
385,2026-02-22,232014,Food,Pizza Hut,Online Transfer,Galle,1
386,2026-02-22,14763,Shopping,Amazon,Cash,Colombo,0
387,2026-02-22,557,Food,Pizza Hut,Card,Jaffna,0
388,2026-02-23,2773,Shopping,Fashion Store,Cash,Galle,0
389,2026-02-23,66746,Entertainment,Gaming,Cash,Colombo,1
390,2026-02-23,156225,Food,Cafe,Online Transfer,Colombo,1
391,2026-02-23,10250,Shopping,Amazon,Card,Kurunegala,0
392,2026-02-23,12444,Healthcare,Pharmacy,Online Transfer,Jaffna,0
393,2026-02-24,1533,Healthcare,Hospital,Card,Kandy,0
394,2026-02-24,54482,Entertainment,Gaming,Online Transfer,Jaffna,1
395,2026-02-24,7646,Healthcare,Pharmacy,Online Transfer,Kandy,0
396,2026-02-24,15701,Healthcare,Hospital,Online Transfer,Colombo,0
397,2026-02-24,5592,Shopping,Daraz,Online Transfer,Colombo,0
398,2026-02-25,1859,Food,Cafe,Cash,Colombo,0
399,2026-02-25,1114,Transport,Bus,Card,Galle,0
400,2026-02-25,815,Transport,Bus,Cash,Kurunegala,0
401,2026-02-25,12634,Healthcare,Hospital,Cash,Colombo,0
402,2026-02-25,15997,Healthcare,Pharmacy,Cash,Jaffna,0
403,2026-02-25,17313,Shopping,Fashion Store,Cash,Colombo,0
404,2026-02-25,5419,Shopping,Fashion Store,Cash,Galle,0
405,2026-02-25,8632,Healthcare,Pharmacy,Online Transfer,Kandy,0
406,2026-02-26,1055,Transport,PickMe,Online Transfer,Kandy,0
407,2026-02-26,7351,Bills,Water,Online Transfer,Colombo,0
408,2026-02-26,103477,Healthcare,Hospital,Cash,Jaffna,1
409,2026-02-26,18270,Healthcare,Hospital,Cash,Kandy,0
410,2026-02-26,7252,Entertainment,Cinema,Card,Jaffna,0
411,2026-02-26,96224,Bills,Electricity,Cash,Colombo,1
412,2026-02-26,10396,Bills,Electricity,Online Transfer,Jaffna,0
413,2026-02-26,2963,Bills,Electricity,Cash,Kurunegala,0
414,2026-02-26,2773,Transport,PickMe,Card,Kurunegala,0
415,2026-02-26,3619,Food,Pizza Hut,Cash,Colombo,0
416,2026-02-27,18073,Healthcare,Hospital,Cash,Colombo,0
417,2026-02-27,6675,Bills,Internet,Online Transfer,Jaffna,0
418,2026-02-27,238,Transport,Bus,Card,Kurunegala,0
419,2026-02-27,2117,Transport,Bus,Online Transfer,Kurunegala,0
420,2026-02-27,11523,Shopping,Fashion Store,Cash,Colombo,0
421,2026-02-28,10950,Bills,Internet,Online Transfer,Jaffna,0
422,2026-02-28,2704,Bills,Electricity,Cash,Kandy,0
423,2026-02-28,3683,Food,Pizza Hut,Online Transfer,Jaffna,0
424,2026-02-28,821,Food,KFC,Online Transfer,Jaffna,0
425,2026-02-28,2395,Food,KFC,Card,Jaffna,0
426,2026-02-28,14188,Bills,Water,Cash,Galle,0
427,2026-02-28,3650,Entertainment,Cinema,Online Transfer,Kandy,0
428,2026-02-28,3761,Food,Pizza Hut,Online Transfer,Colombo,0
429,2026-02-28,4584,Food,Pizza Hut,Online Transfer,Kandy,0
430,2026-03-01,2303,Food,Cafe,Card,Kandy,0
431,2026-03-01,7933,Entertainment,Cinema,Online Transfer,Colombo,0
432,2026-03-01,14760,Bills,Electricity,Online Transfer,Jaffna,0
433,2026-03-01,2982,Entertainment,Cinema,Online Transfer,Kandy,0
434,2026-03-01,8240,Entertainment,Cinema,Card,Kurunegala,0
435,2026-03-01,9872,Shopping,Daraz,Online Transfer,Kurunegala,0
436,2026-03-02,250118,Shopping,Fashion Store,Online Transfer,Kandy,1
437,2026-03-02,24961,Shopping,Fashion Store,Online Transfer,Kandy,0
438,2026-03-02,4703,Shopping,Amazon,Card,Kurunegala,0
439,2026-03-02,2631,Bills,Water,Online Transfer,Colombo,0
440,2026-03-02,621,Food,Restaurant,Card,Kurunegala,0
441,2026-03-02,7442,Shopping,Fashion Store,Cash,Kandy,0
442,2026-03-03,2622,Entertainment,Cinema,Cash,Galle,0
443,2026-03-03,18519,Healthcare,Hospital,Card,Jaffna,0
444,2026-03-03,548,Transport,PickMe,Online Transfer,Kurunegala,0
445,2026-03-03,7700,Bills,Electricity,Cash,Galle,0
446,2026-03-03,8484,Healthcare,Hospital,Cash,Kandy,0
447,2026-03-03,23710,Shopping,Daraz,Online Transfer,Colombo,0
448,2026-03-04,292520,Bills,Water,Cash,Galle,1
449,2026-03-04,13551,Healthcare,Hospital,Cash,Jaffna,0
450,2026-03-04,11656,Healthcare,Pharmacy,Card,Colombo,0
451,2026-03-04,5996,Entertainment,Cinema,Cash,Colombo,0
452,2026-03-04,4758,Shopping,Daraz,Cash,Kandy,0
453,2026-03-05,2391,Transport,Uber,Online Transfer,Kurunegala,0
454,2026-03-05,2584,Healthcare,Pharmacy,Card,Kandy,0
455,2026-03-05,11139,Bills,Water,Card,Kurunegala,0
456,2026-03-05,1159,Transport,Uber,Cash,Galle,0
457,2026-03-05,13399,Healthcare,Hospital,Online Transfer,Kurunegala,0
458,2026-03-06,1589,Bills,Water,Card,Galle,0
459,2026-03-06,569,Transport,PickMe,Card,Jaffna,0
460,2026-03-06,12475,Healthcare,Hospital,Online Transfer,Kurunegala,0
461,2026-03-06,2619,Transport,PickMe,Online Transfer,Galle,0
462,2026-03-06,22946,Shopping,Fashion Store,Online Transfer,Kurunegala,0
463,2026-03-06,7334,Bills,Internet,Card,Kurunegala,0
464,2026-03-06,1438,Transport,PickMe,Cash,Jaffna,0
465,2026-03-06,2543,Transport,Bus,Cash,Kurunegala,0
466,2026-03-07,8593,Entertainment,Gaming,Online Transfer,Jaffna,0
467,2026-03-07,2807,Transport,Bus,Online Transfer,Galle,0
468,2026-03-07,12579,Shopping,Amazon,Cash,Jaffna,0
469,2026-03-07,131180,Transport,Uber,Cash,Colombo,1
470,2026-03-07,4265,Bills,Internet,Cash,Colombo,0
471,2026-03-07,234122,Bills,Electricity,Card,Kandy,1
472,2026-03-08,2671,Transport,Uber,Cash,Galle,0
473,2026-03-08,10021,Bills,Electricity,Online Transfer,Jaffna,0
474,2026-03-08,4880,Food,KFC,Card,Colombo,0
475,2026-03-08,12646,Bills,Water,Card,Kurunegala,0
476,2026-03-08,2359,Bills,Water,Card,Colombo,0
477,2026-03-08,2188,Transport,Taxi,Cash,Kandy,0
478,2026-03-08,7206,Shopping,Daraz,Cash,Kurunegala,0
479,2026-03-08,27063,Shopping,Amazon,Cash,Kurunegala,0
480,2026-03-08,3875,Food,Restaurant,Card,Colombo,0
481,2026-03-09,1122,Food,KFC,Online Transfer,Kandy,0
482,2026-03-09,7376,Entertainment,Cinema,Online Transfer,Jaffna,0
483,2026-03-09,4728,Entertainment,Gaming,Card,Galle,0
484,2026-03-09,5203,Entertainment,Netflix,Cash,Kandy,0
485,2026-03-09,3377,Food,KFC,Card,Colombo,0
486,2026-03-09,3669,Entertainment,Netflix,Card,Galle,0
487,2026-03-09,179439,Bills,Internet,Cash,Galle,1
488,2026-03-09,8946,Healthcare,Pharmacy,Card,Galle,0
489,2026-03-10,7276,Healthcare,Pharmacy,Online Transfer,Colombo,0
490,2026-03-10,11929,Shopping,Fashion Store,Cash,Jaffna,0
491,2026-03-10,6403,Bills,Internet,Cash,Kurunegala,0
492,2026-03-10,15245,Healthcare,Pharmacy,Card,Colombo,0
493,2026-03-10,1467,Transport,Uber,Card,Galle,0
494,2026-03-10,2018,Food,Pizza Hut,Cash,Kandy,0
495,2026-03-11,10448,Bills,Internet,Online Transfer,Kandy,0
496,2026-03-11,8623,Entertainment,Gaming,Card,Kandy,0
497,2026-03-11,5803,Healthcare,Hospital,Online Transfer,Kandy,0
498,2026-03-11,8471,Entertainment,Cinema,Online Transfer,Jaffna,0
499,2026-03-11,11044,Shopping,Amazon,Online Transfer,Colombo,0
500,2026-03-11,1014,Food,KFC,Card,Jaffna,0
501,2026-03-12,10787,Bills,Water,Online Transfer,Jaffna,0
502,2026-03-12,12319,Bills,Electricity,Cash,Galle,0
503,2026-03-12,12808,Shopping,Amazon,Cash,Jaffna,0
504,2026-03-12,781,Transport,Bus,Online Transfer,Kandy,0
505,2026-03-12,807,Transport,Bus,Cash,Galle,0
506,2026-03-12,12598,Bills,Water,Online Transfer,Colombo,0
507,2026-03-12,83576,Food,Cafe,Card,Kurunegala,1
508,2026-03-12,13046,Bills,Water,Card,Jaffna,0
509,2026-03-12,5953,Bills,Water,Cash,Kurunegala,0
510,2026-03-13,1084,Transport,Uber,Online Transfer,Kurunegala,0
511,2026-03-13,8709,Healthcare,Pharmacy,Online Transfer,Colombo,0
512,2026-03-13,4708,Food,Restaurant,Cash,Kandy,0
513,2026-03-13,1445,Food,Cafe,Cash,Kandy,0
514,2026-03-13,2726,Transport,Bus,Card,Colombo,0
515,2026-03-13,26760,Shopping,Daraz,Online Transfer,Kurunegala,0
516,2026-03-13,3240,Shopping,Amazon,Online Transfer,Jaffna,0
517,2026-03-13,242032,Healthcare,Hospital,Card,Kandy,1
518,2026-03-14,16075,Shopping,Daraz,Online Transfer,Galle,0
519,2026-03-14,7651,Bills,Internet,Online Transfer,Kandy,0
520,2026-03-14,6709,Healthcare,Hospital,Online Transfer,Colombo,0
521,2026-03-14,11396,Shopping,Amazon,Cash,Colombo,0
522,2026-03-14,7266,Entertainment,Cinema,Cash,Galle,0
523,2026-03-14,2672,Transport,Uber,Cash,Colombo,0
524,2026-03-14,6964,Bills,Water,Card,Colombo,0
525,2026-03-14,7601,Healthcare,Pharmacy,Cash,Jaffna,0
526,2026-03-14,9583,Entertainment,Netflix,Online Transfer,Kurunegala,0
527,2026-03-15,5717,Shopping,Amazon,Card,Kandy,0
528,2026-03-15,1792,Food,Pizza Hut,Online Transfer,Galle,0
529,2026-03-15,25882,Shopping,Fashion Store,Cash,Jaffna,0
530,2026-03-15,10887,Bills,Water,Cash,Jaffna,0
531,2026-03-15,2014,Bills,Electricity,Card,Kandy,0
532,2026-03-15,10007,Bills,Internet,Online Transfer,Kandy,0
533,2026-03-15,2774,Transport,Bus,Card,Galle,0
534,2026-03-15,220054,Transport,Taxi,Cash,Kurunegala,1
535,2026-03-15,6040,Entertainment,Gaming,Online Transfer,Kurunegala,0
536,2026-03-15,2628,Entertainment,Netflix,Online Transfer,Galle,0
537,2026-03-16,9544,Entertainment,Gaming,Cash,Galle,0
538,2026-03-16,15889,Shopping,Fashion Store,Cash,Kurunegala,0
539,2026-03-16,224600,Transport,Taxi,Online Transfer,Colombo,1
540,2026-03-16,955,Food,Cafe,Online Transfer,Colombo,0
541,2026-03-16,1389,Entertainment,Netflix,Online Transfer,Galle,0
542,2026-03-16,2221,Entertainment,Gaming,Online Transfer,Kandy,0
543,2026-03-16,3676,Bills,Water,Card,Kandy,0
544,2026-03-16,1331,Bills,Water,Cash,Kurunegala,0
545,2026-03-17,8728,Bills,Electricity,Card,Jaffna,0
546,2026-03-17,13151,Bills,Water,Online Transfer,Jaffna,0
547,2026-03-17,2707,Transport,PickMe,Cash,Kurunegala,0
548,2026-03-17,3929,Bills,Water,Online Transfer,Kurunegala,0
549,2026-03-17,1480,Transport,Taxi,Online Transfer,Galle,0
550,2026-03-17,11732,Shopping,Daraz,Card,Kandy,0
551,2026-03-17,15215,Shopping,Daraz,Card,Jaffna,0
552,2026-03-17,7528,Entertainment,Cinema,Cash,Galle,0
553,2026-03-17,20298,Shopping,Fashion Store,Online Transfer,Galle,0
554,2026-03-17,11091,Bills,Internet,Card,Colombo,0
555,2026-03-18,2276,Food,Cafe,Cash,Jaffna,0
556,2026-03-18,2801,Transport,Uber,Online Transfer,Jaffna,0
557,2026-03-18,1273,Food,Restaurant,Card,Colombo,0
558,2026-03-18,3089,Entertainment,Gaming,Cash,Galle,0
559,2026-03-18,277260,Entertainment,Cinema,Cash,Colombo,1
560,2026-03-18,7568,Entertainment,Netflix,Online Transfer,Kurunegala,0
561,2026-03-18,19696,Healthcare,Hospital,Card,Galle,0
562,2026-03-18,4244,Food,KFC,Cash,Galle,0
563,2026-03-19,3558,Entertainment,Gaming,Online Transfer,Galle,0
564,2026-03-19,121779,Food,KFC,Cash,Colombo,1
565,2026-03-19,12019,Healthcare,Hospital,Card,Kandy,0
566,2026-03-19,4606,Healthcare,Pharmacy,Card,Kandy,0
567,2026-03-19,12696,Healthcare,Hospital,Cash,Jaffna,0
568,2026-03-19,6892,Bills,Internet,Cash,Colombo,0
569,2026-03-19,8442,Entertainment,Cinema,Online Transfer,Kurunegala,0
570,2026-03-20,5360,Shopping,Fashion Store,Card,Kurunegala,0
571,2026-03-20,9585,Bills,Internet,Card,Jaffna,0
572,2026-03-20,1745,Transport,Uber,Cash,Colombo,0
573,2026-03-20,2625,Food,Restaurant,Online Transfer,Colombo,0
574,2026-03-20,7409,Entertainment,Netflix,Cash,Galle,0
575,2026-03-20,7782,Healthcare,Hospital,Online Transfer,Kurunegala,0
576,2026-03-21,124409,Food,KFC,Cash,Galle,1
577,2026-03-21,4098,Shopping,Amazon,Card,Kandy,0
578,2026-03-21,6907,Entertainment,Cinema,Card,Kurunegala,0
579,2026-03-21,6017,Entertainment,Cinema,Card,Colombo,0
580,2026-03-21,24122,Shopping,Fashion Store,Online Transfer,Colombo,0
581,2026-03-21,9319,Entertainment,Cinema,Online Transfer,Jaffna,0
582,2026-03-21,3223,Food,KFC,Cash,Kandy,0
583,2026-03-21,16603,Healthcare,Pharmacy,Online Transfer,Kurunegala,0
584,2026-03-22,7908,Entertainment,Gaming,Card,Jaffna,0
585,2026-03-22,1196,Food,Pizza Hut,Cash,Galle,0
586,2026-03-22,20937,Shopping,Fashion Store,Online Transfer,Colombo,0
587,2026-03-22,10006,Healthcare,Hospital,Cash,Colombo,0
588,2026-03-22,9148,Healthcare,Pharmacy,Online Transfer,Kurunegala,0
589,2026-03-22,9040,Shopping,Fashion Store,Cash,Kandy,0
590,2026-03-23,185551,Bills,Internet,Online Transfer,Jaffna,1
591,2026-03-23,13669,Bills,Internet,Cash,Galle,0
592,2026-03-23,2804,Food,Cafe,Online Transfer,Kurunegala,0
593,2026-03-23,804,Transport,PickMe,Cash,Galle,0
594,2026-03-23,16525,Healthcare,Hospital,Cash,Kandy,0
595,2026-03-23,9478,Bills,Electricity,Online Transfer,Kandy,0
596,2026-03-23,6988,Entertainment,Cinema,Card,Colombo,0
597,2026-03-23,3103,Bills,Water,Card,Kurunegala,0
598,2026-03-23,7144,Entertainment,Netflix,Online Transfer,Kandy,0
599,2026-03-24,6465,Entertainment,Gaming,Card,Kurunegala,0
600,2026-03-24,7577,Entertainment,Netflix,Card,Galle,0
601,2026-03-24,212830,Healthcare,Hospital,Online Transfer,Jaffna,1
602,2026-03-24,6160,Healthcare,Hospital,Online Transfer,Colombo,0
603,2026-03-24,14732,Healthcare,Hospital,Cash,Kandy,0
604,2026-03-25,200939,Shopping,Daraz,Online Transfer,Galle,1
605,2026-03-25,14226,Healthcare,Pharmacy,Cash,Jaffna,0
606,2026-03-25,3617,Food,KFC,Online Transfer,Galle,0
607,2026-03-25,2562,Entertainment,Cinema,Cash,Galle,0
608,2026-03-25,3638,Shopping,Daraz,Online Transfer,Galle,0
609,2026-03-26,1591,Transport,Bus,Card,Colombo,0
610,2026-03-26,96079,Food,Cafe,Online Transfer,Colombo,1
611,2026-03-26,3433,Food,Cafe,Card,Kurunegala,0
612,2026-03-26,15792,Healthcare,Pharmacy,Online Transfer,Kandy,0
613,2026-03-26,28580,Shopping,Daraz,Online Transfer,Jaffna,0
614,2026-03-26,10979,Healthcare,Hospital,Card,Colombo,0
615,2026-03-26,29964,Shopping,Fashion Store,Card,Kandy,0
616,2026-03-26,7422,Entertainment,Cinema,Card,Colombo,0
617,2026-03-26,2628,Healthcare,Hospital,Online Transfer,Colombo,0
618,2026-03-26,6210,Healthcare,Pharmacy,Card,Kurunegala,0
619,2026-03-27,1226,Bills,Electricity,Online Transfer,Kandy,0
620,2026-03-27,19045,Healthcare,Hospital,Cash,Colombo,0
621,2026-03-27,23428,Shopping,Fashion Store,Card,Jaffna,0
622,2026-03-27,6762,Entertainment,Gaming,Cash,Galle,0
623,2026-03-27,426,Transport,PickMe,Card,Colombo,0
624,2026-03-28,4015,Entertainment,Cinema,Card,Galle,0
625,2026-03-28,5141,Bills,Internet,Cash,Kurunegala,0
626,2026-03-28,17346,Healthcare,Pharmacy,Card,Galle,0
627,2026-03-28,5696,Entertainment,Cinema,Card,Colombo,0
628,2026-03-28,3248,Entertainment,Gaming,Online Transfer,Kurunegala,0
629,2026-03-28,68818,Entertainment,Gaming,Online Transfer,Colombo,1
630,2026-03-28,4162,Bills,Internet,Online Transfer,Kandy,0
631,2026-03-29,257156,Bills,Water,Online Transfer,Kurunegala,1
632,2026-03-29,17464,Healthcare,Pharmacy,Cash,Kandy,0
633,2026-03-29,1433,Transport,Uber,Online Transfer,Jaffna,0
634,2026-03-29,13961,Shopping,Fashion Store,Cash,Galle,0
635,2026-03-29,6862,Healthcare,Pharmacy,Cash,Galle,0
636,2026-03-29,27924,Shopping,Fashion Store,Cash,Kandy,0
637,2026-03-29,148156,Entertainment,Netflix,Online Transfer,Galle,1
638,2026-03-29,6579,Healthcare,Pharmacy,Cash,Kurunegala,0
639,2026-03-29,1311,Transport,Bus,Online Transfer,Colombo,0
640,2026-03-29,69266,Transport,Uber,Cash,Kandy,1
641,2026-03-30,19602,Shopping,Amazon,Online Transfer,Kurunegala,0
642,2026-03-30,159914,Healthcare,Hospital,Online Transfer,Galle,1
643,2026-03-30,12250,Healthcare,Pharmacy,Cash,Colombo,0
644,2026-03-30,10559,Shopping,Fashion Store,Cash,Kurunegala,0
645,2026-03-30,1327,Transport,Bus,Card,Kandy,0
646,2026-03-30,15503,Shopping,Amazon,Cash,Kurunegala,0
647,2026-03-30,1185,Food,Cafe,Cash,Colombo,0
648,2026-03-30,845,Entertainment,Gaming,Online Transfer,Kandy,0
649,2026-03-30,12135,Healthcare,Pharmacy,Cash,Colombo,0
650,2026-03-31,7068,Entertainment,Gaming,Card,Colombo,0
651,2026-03-31,1368,Bills,Internet,Online Transfer,Colombo,0
652,2026-03-31,3627,Shopping,Amazon,Online Transfer,Colombo,0
653,2026-03-31,1236,Transport,Taxi,Card,Kandy,0
654,2026-03-31,16330,Shopping,Fashion Store,Card,Galle,0
655,2026-03-31,3858,Bills,Water,Online Transfer,Galle,0
656,2026-04-01,3456,Entertainment,Gaming,Cash,Colombo,0
657,2026-04-01,8183,Shopping,Amazon,Cash,Galle,0
658,2026-04-01,4959,Entertainment,Cinema,Card,Kurunegala,0
659,2026-04-01,11983,Bills,Electricity,Card,Jaffna,0
660,2026-04-01,270,Transport,PickMe,Cash,Kurunegala,0
661,2026-04-01,17629,Healthcare,Hospital,Online Transfer,Galle,0
662,2026-04-02,2063,Transport,Taxi,Online Transfer,Colombo,0
663,2026-04-02,4248,Healthcare,Pharmacy,Card,Colombo,0
664,2026-04-02,1798,Food,Restaurant,Cash,Jaffna,0
665,2026-04-02,18807,Healthcare,Hospital,Online Transfer,Kandy,0
666,2026-04-02,2046,Transport,Taxi,Card,Galle,0
667,2026-04-02,715,Food,Cafe,Cash,Galle,0
668,2026-04-02,7894,Healthcare,Pharmacy,Card,Colombo,0
669,2026-04-02,4280,Entertainment,Gaming,Card,Galle,0
670,2026-04-03,667,Food,Restaurant,Card,Jaffna,0
671,2026-04-03,1184,Transport,Taxi,Cash,Colombo,0
672,2026-04-03,2537,Transport,Uber,Cash,Kandy,0
673,2026-04-03,5546,Entertainment,Cinema,Cash,Kurunegala,0
674,2026-04-03,4830,Healthcare,Pharmacy,Online Transfer,Colombo,0
675,2026-04-03,9882,Healthcare,Hospital,Cash,Kandy,0
676,2026-04-03,7016,Entertainment,Cinema,Cash,Galle,0
677,2026-04-03,1007,Food,Cafe,Card,Jaffna,0
678,2026-04-03,2180,Food,Cafe,Card,Kurunegala,0
679,2026-04-03,1506,Transport,Uber,Cash,Jaffna,0
680,2026-04-04,4982,Entertainment,Netflix,Online Transfer,Kandy,0
681,2026-04-04,7101,Entertainment,Gaming,Online Transfer,Jaffna,0
682,2026-04-04,18194,Shopping,Daraz,Cash,Kandy,0
683,2026-04-04,2452,Food,Pizza Hut,Card,Galle,0
684,2026-04-04,8639,Entertainment,Netflix,Online Transfer,Galle,0
685,2026-04-04,4074,Bills,Internet,Card,Colombo,0
686,2026-04-04,2036,Food,Cafe,Online Transfer,Kurunegala,0
687,2026-04-05,9700,Entertainment,Gaming,Online Transfer,Jaffna,0
688,2026-04-05,3767,Food,KFC,Card,Galle,0
689,2026-04-05,7533,Healthcare,Hospital,Card,Kurunegala,0
690,2026-04-05,4196,Shopping,Fashion Store,Card,Galle,0
691,2026-04-05,7512,Entertainment,Gaming,Online Transfer,Kurunegala,0
692,2026-04-05,2043,Shopping,Fashion Store,Card,Jaffna,0
693,2026-04-05,6744,Entertainment,Cinema,Online Transfer,Kandy,0
694,2026-04-05,2041,Food,Pizza Hut,Cash,Kurunegala,0
695,2026-04-05,2702,Transport,Taxi,Online Transfer,Kandy,0
696,2026-04-06,19817,Healthcare,Pharmacy,Card,Galle,0
697,2026-04-06,260882,Shopping,Amazon,Cash,Galle,1
698,2026-04-06,9079,Entertainment,Netflix,Card,Jaffna,0
699,2026-04-06,1594,Transport,Uber,Online Transfer,Galle,0
700,2026-04-06,3701,Entertainment,Netflix,Card,Jaffna,0
701,2026-04-06,6743,Entertainment,Gaming,Online Transfer,Galle,0
702,2026-04-07,2856,Shopping,Fashion Store,Card,Jaffna,0
703,2026-04-07,1730,Entertainment,Gaming,Cash,Jaffna,0
704,2026-04-07,5157,Entertainment,Cinema,Cash,Kandy,0
705,2026-04-07,2503,Transport,Bus,Online Transfer,Kandy,0
706,2026-04-07,516,Entertainment,Netflix,Cash,Colombo,0
707,2026-04-07,16686,Healthcare,Pharmacy,Card,Colombo,0
708,2026-04-07,16860,Healthcare,Hospital,Card,Jaffna,0
709,2026-04-07,2687,Transport,PickMe,Online Transfer,Colombo,0
710,2026-04-07,1866,Bills,Water,Card,Kandy,0
711,2026-04-07,15409,Shopping,Amazon,Online Transfer,Colombo,0
712,2026-04-08,19825,Shopping,Fashion Store,Online Transfer,Colombo,0
713,2026-04-08,4839,Bills,Water,Online Transfer,Colombo,0
714,2026-04-08,19136,Healthcare,Pharmacy,Cash,Galle,0
715,2026-04-08,11230,Bills,Water,Online Transfer,Colombo,0
716,2026-04-08,3662,Food,Pizza Hut,Card,Jaffna,0
717,2026-04-08,3055,Healthcare,Hospital,Online Transfer,Jaffna,0
718,2026-04-08,2079,Entertainment,Netflix,Online Transfer,Kandy,0
719,2026-04-08,1562,Transport,Uber,Online Transfer,Jaffna,0
720,2026-04-08,9181,Entertainment,Gaming,Online Transfer,Kandy,0
721,2026-04-09,27127,Shopping,Amazon,Card,Colombo,0
722,2026-04-09,2726,Transport,Uber,Cash,Kurunegala,0
723,2026-04-09,2425,Entertainment,Gaming,Cash,Galle,0
724,2026-04-09,18536,Shopping,Daraz,Online Transfer,Kandy,0
725,2026-04-09,5815,Shopping,Fashion Store,Online Transfer,Jaffna,0
726,2026-04-09,923,Food,Restaurant,Online Transfer,Jaffna,0
727,2026-04-09,2591,Transport,Bus,Online Transfer,Galle,0
728,2026-04-09,11512,Shopping,Daraz,Cash,Jaffna,0
729,2026-04-09,3191,Shopping,Daraz,Cash,Galle,0
730,2026-04-10,9659,Bills,Electricity,Card,Kandy,0
731,2026-04-10,9583,Entertainment,Gaming,Online Transfer,Jaffna,0
732,2026-04-10,27135,Shopping,Fashion Store,Online Transfer,Colombo,0
733,2026-04-10,2431,Shopping,Fashion Store,Card,Kandy,0
734,2026-04-10,6979,Entertainment,Cinema,Cash,Galle,0
735,2026-04-10,2327,Entertainment,Netflix,Online Transfer,Kurunegala,0
736,2026-04-10,2879,Transport,Taxi,Online Transfer,Kurunegala,0
737,2026-04-10,13948,Shopping,Amazon,Card,Colombo,0
738,2026-04-10,1233,Transport,Bus,Cash,Galle,0
739,2026-04-10,8148,Bills,Electricity,Online Transfer,Colombo,0
740,2026-04-11,4563,Food,Pizza Hut,Online Transfer,Jaffna,0
741,2026-04-11,1752,Entertainment,Cinema,Card,Colombo,0
742,2026-04-11,1854,Transport,Taxi,Cash,Kurunegala,0
743,2026-04-11,15073,Healthcare,Pharmacy,Online Transfer,Colombo,0
744,2026-04-11,9623,Shopping,Fashion Store,Cash,Colombo,0
745,2026-04-12,8634,Shopping,Daraz,Cash,Kandy,0
746,2026-04-12,2196,Transport,Taxi,Cash,Galle,0
747,2026-04-12,2277,Food,Pizza Hut,Cash,Kurunegala,0
748,2026-04-12,5481,Entertainment,Netflix,Online Transfer,Kandy,0
749,2026-04-12,2595,Transport,Taxi,Online Transfer,Jaffna,0
750,2026-04-12,2176,Food,Restaurant,Cash,Kurunegala,0
751,2026-04-12,4343,Food,Restaurant,Online Transfer,Jaffna,0
752,2026-04-13,7132,Healthcare,Pharmacy,Online Transfer,Kandy,0
753,2026-04-13,3824,Food,Cafe,Online Transfer,Jaffna,0
754,2026-04-13,12347,Shopping,Fashion Store,Cash,Kandy,0
755,2026-04-13,1795,Food,Restaurant,Online Transfer,Colombo,0
756,2026-04-13,3522,Healthcare,Hospital,Cash,Kurunegala,0
757,2026-04-13,27299,Shopping,Daraz,Card,Colombo,0
758,2026-04-13,1215,Food,Restaurant,Cash,Jaffna,0
759,2026-04-14,2545,Food,KFC,Online Transfer,Jaffna,0
760,2026-04-14,5895,Entertainment,Cinema,Cash,Galle,0
761,2026-04-14,3451,Food,Cafe,Online Transfer,Galle,0
762,2026-04-14,1580,Transport,Uber,Cash,Galle,0
763,2026-04-14,11954,Shopping,Fashion Store,Cash,Colombo,0
764,2026-04-14,10001,Shopping,Daraz,Card,Galle,0
765,2026-04-15,9624,Bills,Internet,Card,Colombo,0
766,2026-04-15,7064,Entertainment,Gaming,Online Transfer,Colombo,0
767,2026-04-15,1457,Transport,Bus,Cash,Jaffna,0
768,2026-04-15,13606,Shopping,Amazon,Card,Kurunegala,0
769,2026-04-15,20317,Shopping,Daraz,Online Transfer,Jaffna,0
770,2026-04-15,3566,Shopping,Daraz,Card,Kurunegala,0
771,2026-04-15,1479,Food,Pizza Hut,Cash,Jaffna,0
772,2026-04-15,4794,Food,Restaurant,Card,Kurunegala,0
773,2026-04-15,11741,Shopping,Fashion Store,Cash,Galle,0
774,2026-04-15,10712,Healthcare,Pharmacy,Card,Galle,0
775,2026-04-16,14710,Bills,Water,Card,Kurunegala,0
776,2026-04-16,11248,Healthcare,Hospital,Cash,Galle,0
777,2026-04-16,7257,Shopping,Daraz,Online Transfer,Jaffna,0
778,2026-04-16,24099,Shopping,Amazon,Cash,Colombo,0
779,2026-04-16,3627,Healthcare,Hospital,Cash,Kurunegala,0
780,2026-04-16,15270,Healthcare,Hospital,Cash,Galle,0
781,2026-04-17,5161,Bills,Electricity,Cash,Kurunegala,0
782,2026-04-17,2164,Transport,Bus,Online Transfer,Colombo,0
783,2026-04-17,1624,Entertainment,Gaming,Card,Jaffna,0
784,2026-04-17,1908,Food,Restaurant,Online Transfer,Galle,0
785,2026-04-17,2920,Bills,Water,Cash,Galle,0
786,2026-04-17,2404,Entertainment,Cinema,Online Transfer,Kandy,0
787,2026-04-17,1066,Transport,Taxi,Card,Galle,0
788,2026-04-17,765,Transport,Taxi,Card,Colombo,0
789,2026-04-18,2399,Healthcare,Hospital,Card,Kandy,0
790,2026-04-18,6753,Bills,Water,Cash,Kandy,0
791,2026-04-18,4758,Food,KFC,Online Transfer,Kurunegala,0
792,2026-04-18,2244,Food,KFC,Online Transfer,Colombo,0
793,2026-04-18,14140,Healthcare,Pharmacy,Online Transfer,Colombo,0
794,2026-04-18,13280,Healthcare,Pharmacy,Online Transfer,Kandy,0
795,2026-04-18,8251,Shopping,Fashion Store,Card,Colombo,0
796,2026-04-19,18799,Shopping,Fashion Store,Online Transfer,Galle,0
797,2026-04-19,8143,Entertainment,Cinema,Online Transfer,Jaffna,0
798,2026-04-19,12377,Bills,Internet,Card,Kandy,0
799,2026-04-19,11595,Bills,Electricity,Card,Kurunegala,0
800,2026-04-19,1128,Transport,Uber,Card,Kandy,0
801,2026-04-19,4268,Food,Cafe,Cash,Colombo,0
802,2026-04-20,1823,Food,Cafe,Online Transfer,Kandy,0
803,2026-04-20,5122,Healthcare,Pharmacy,Card,Jaffna,0
804,2026-04-20,5164,Bills,Water,Card,Galle,0
805,2026-04-20,2839,Food,Restaurant,Online Transfer,Jaffna,0
806,2026-04-20,14014,Shopping,Amazon,Card,Jaffna,0
807,2026-04-20,5380,Bills,Internet,Card,Kurunegala,0
808,2026-04-20,7785,Entertainment,Netflix,Cash,Colombo,0
809,2026-04-21,2010,Food,Pizza Hut,Cash,Jaffna,0
810,2026-04-21,9580,Entertainment,Gaming,Online Transfer,Kandy,0
811,2026-04-21,2503,Food,Restaurant,Online Transfer,Kurunegala,0
812,2026-04-21,650,Transport,Bus,Online Transfer,Colombo,0
813,2026-04-21,9846,Entertainment,Cinema,Online Transfer,Kandy,0
814,2026-04-21,21987,Shopping,Daraz,Cash,Jaffna,0
815,2026-04-21,3454,Food,Cafe,Cash,Galle,0
816,2026-04-22,8693,Entertainment,Netflix,Cash,Jaffna,0
817,2026-04-22,2013,Bills,Water,Cash,Kurunegala,0
818,2026-04-22,1488,Transport,Taxi,Cash,Galle,0
819,2026-04-22,2227,Bills,Water,Card,Kurunegala,0
820,2026-04-22,2798,Food,Cafe,Card,Jaffna,0
821,2026-04-22,9153,Bills,Water,Online Transfer,Colombo,0
822,2026-04-23,2395,Food,Pizza Hut,Card,Galle,0
823,2026-04-23,3351,Healthcare,Pharmacy,Cash,Galle,0
824,2026-04-23,9887,Bills,Internet,Cash,Kandy,0
825,2026-04-23,6121,Bills,Internet,Cash,Colombo,0
826,2026-04-23,11202,Healthcare,Pharmacy,Online Transfer,Colombo,0
827,2026-04-23,150892,Healthcare,Pharmacy,Card,Galle,1
828,2026-04-24,11032,Bills,Electricity,Online Transfer,Colombo,0
829,2026-04-24,16176,Healthcare,Hospital,Card,Kandy,0
830,2026-04-24,508,Food,Pizza Hut,Card,Jaffna,0
831,2026-04-24,7589,Shopping,Amazon,Card,Jaffna,0
832,2026-04-24,28556,Shopping,Fashion Store,Cash,Colombo,0
833,2026-04-25,4998,Shopping,Fashion Store,Online Transfer,Kurunegala,0
834,2026-04-25,9526,Shopping,Amazon,Online Transfer,Galle,0
835,2026-04-25,3963,Food,Pizza Hut,Online Transfer,Jaffna,0
836,2026-04-25,7593,Entertainment,Netflix,Online Transfer,Kurunegala,0
837,2026-04-25,5107,Healthcare,Pharmacy,Cash,Jaffna,0
838,2026-04-26,2042,Healthcare,Hospital,Online Transfer,Jaffna,0
839,2026-04-26,4199,Entertainment,Gaming,Online Transfer,Jaffna,0
840,2026-04-26,92859,Shopping,Amazon,Card,Colombo,1
841,2026-04-26,13283,Bills,Water,Online Transfer,Kandy,0
842,2026-04-26,2776,Food,Cafe,Card,Colombo,0
843,2026-04-26,11127,Shopping,Fashion Store,Card,Kurunegala,0
844,2026-04-26,8188,Healthcare,Pharmacy,Online Transfer,Colombo,0
845,2026-04-27,1096,Transport,Taxi,Online Transfer,Kurunegala,0
846,2026-04-27,4476,Food,Cafe,Online Transfer,Kandy,0
847,2026-04-27,2897,Healthcare,Hospital,Cash,Kurunegala,0
848,2026-04-27,1748,Healthcare,Pharmacy,Cash,Colombo,0
849,2026-04-27,4617,Food,KFC,Cash,Galle,0
850,2026-04-27,16099,Healthcare,Hospital,Online Transfer,Colombo,0
851,2026-04-27,10596,Healthcare,Hospital,Card,Kandy,0
852,2026-04-27,1808,Food,KFC,Online Transfer,Kandy,0
853,2026-04-27,2736,Food,Cafe,Cash,Kurunegala,0
854,2026-04-27,198946,Bills,Water,Card,Jaffna,1
855,2026-04-28,1266,Transport,Taxi,Online Transfer,Colombo,0
856,2026-04-28,5392,Entertainment,Cinema,Cash,Kurunegala,0
857,2026-04-28,2779,Transport,Taxi,Cash,Kurunegala,0
858,2026-04-28,3174,Food,KFC,Cash,Jaffna,0
859,2026-04-28,19556,Shopping,Daraz,Card,Kandy,0
860,2026-04-28,1764,Food,Pizza Hut,Card,Kandy,0
861,2026-04-28,22116,Shopping,Daraz,Online Transfer,Kandy,0
862,2026-04-28,14378,Shopping,Amazon,Cash,Kurunegala,0
863,2026-04-28,5487,Bills,Internet,Cash,Colombo,0
864,2026-04-29,1662,Food,KFC,Card,Colombo,0
865,2026-04-29,166000,Bills,Internet,Online Transfer,Galle,1
866,2026-04-29,9221,Bills,Water,Cash,Jaffna,0
867,2026-04-29,2719,Transport,Taxi,Cash,Kandy,0
868,2026-04-29,21404,Shopping,Fashion Store,Cash,Kurunegala,0
869,2026-04-29,177548,Bills,Electricity,Online Transfer,Galle,1
870,2026-04-29,3322,Food,Pizza Hut,Cash,Galle,0
871,2026-04-29,24386,Shopping,Daraz,Online Transfer,Kurunegala,0
872,2026-04-29,16283,Shopping,Fashion Store,Card,Kurunegala,0
873,2026-04-29,1306,Bills,Water,Card,Jaffna,0
874,2026-04-30,1136,Entertainment,Cinema,Online Transfer,Galle,0
875,2026-04-30,2720,Bills,Water,Cash,Jaffna,0
876,2026-04-30,1900,Food,KFC,Card,Kurunegala,0
877,2026-04-30,1005,Food,Restaurant,Online Transfer,Jaffna,0
878,2026-04-30,15475,Healthcare,Pharmacy,Cash,Kurunegala,0
879,2026-04-30,1546,Entertainment,Gaming,Card,Galle,0
880,2026-05-01,12316,Shopping,Daraz,Online Transfer,Jaffna,0
881,2026-05-01,18693,Shopping,Fashion Store,Online Transfer,Jaffna,0
882,2026-05-01,19481,Shopping,Fashion Store,Cash,Galle,0
883,2026-05-01,987,Food,KFC,Card,Kurunegala,0
884,2026-05-01,1982,Entertainment,Netflix,Cash,Galle,0
885,2026-05-02,12130,Bills,Water,Cash,Colombo,0
886,2026-05-02,2392,Entertainment,Cinema,Cash,Kurunegala,0
887,2026-05-02,4782,Entertainment,Netflix,Online Transfer,Galle,0
888,2026-05-02,2459,Entertainment,Netflix,Card,Colombo,0
889,2026-05-02,3890,Food,Pizza Hut,Card,Kandy,0
890,2026-05-02,6594,Healthcare,Hospital,Card,Galle,0
891,2026-05-02,105395,Shopping,Daraz,Cash,Galle,1
892,2026-05-02,1672,Food,Cafe,Online Transfer,Kandy,0
893,2026-05-02,5775,Entertainment,Gaming,Cash,Kandy,0
894,2026-05-03,2389,Transport,Taxi,Cash,Kandy,0
895,2026-05-03,21251,Shopping,Fashion Store,Cash,Kurunegala,0
896,2026-05-03,1109,Transport,PickMe,Online Transfer,Jaffna,0
897,2026-05-03,262336,Entertainment,Gaming,Card,Jaffna,1
898,2026-05-03,8395,Healthcare,Hospital,Cash,Jaffna,0
899,2026-05-04,6086,Entertainment,Netflix,Online Transfer,Kurunegala,0
900,2026-05-04,571,Food,KFC,Online Transfer,Galle,0
901,2026-05-04,125143,Healthcare,Hospital,Card,Kurunegala,1
902,2026-05-04,17780,Shopping,Fashion Store,Cash,Kurunegala,0
903,2026-05-04,3258,Food,Restaurant,Cash,Jaffna,0
904,2026-05-04,1049,Transport,Bus,Cash,Jaffna,0
905,2026-05-04,22661,Shopping,Daraz,Cash,Colombo,0
906,2026-05-04,1694,Shopping,Amazon,Cash,Colombo,0
907,2026-05-05,4146,Shopping,Daraz,Online Transfer,Kandy,0
908,2026-05-05,1353,Entertainment,Netflix,Card,Kurunegala,0
909,2026-05-05,19904,Shopping,Amazon,Cash,Galle,0
910,2026-05-05,11417,Shopping,Fashion Store,Card,Kandy,0
911,2026-05-05,4112,Food,Cafe,Card,Kandy,0
912,2026-05-06,2914,Food,Cafe,Online Transfer,Kurunegala,0
913,2026-05-06,9119,Shopping,Daraz,Cash,Galle,0
914,2026-05-06,672,Transport,Bus,Cash,Colombo,0
915,2026-05-06,633,Food,Cafe,Online Transfer,Colombo,0
916,2026-05-06,1865,Entertainment,Cinema,Cash,Colombo,0
917,2026-05-06,13530,Bills,Electricity,Card,Colombo,0
918,2026-05-06,4420,Bills,Internet,Online Transfer,Galle,0
919,2026-05-06,1770,Food,Restaurant,Online Transfer,Jaffna,0
920,2026-05-07,9301,Entertainment,Netflix,Card,Jaffna,0
921,2026-05-07,6375,Entertainment,Netflix,Online Transfer,Jaffna,0
922,2026-05-07,2708,Transport,PickMe,Card,Colombo,0
923,2026-05-07,5832,Entertainment,Netflix,Card,Jaffna,0
924,2026-05-07,1234,Transport,PickMe,Card,Galle,0
925,2026-05-07,3365,Food,Pizza Hut,Cash,Jaffna,0
926,2026-05-07,23843,Shopping,Fashion Store,Card,Colombo,0
927,2026-05-07,3329,Shopping,Fashion Store,Online Transfer,Galle,0
928,2026-05-07,698,Entertainment,Netflix,Cash,Colombo,0
929,2026-05-07,2166,Transport,Bus,Online Transfer,Kandy,0
930,2026-05-08,11876,Bills,Electricity,Cash,Jaffna,0
931,2026-05-08,6977,Entertainment,Netflix,Cash,Kurunegala,0
932,2026-05-08,6125,Entertainment,Netflix,Card,Colombo,0
933,2026-05-08,2217,Food,KFC,Online Transfer,Colombo,0
934,2026-05-08,17006,Healthcare,Pharmacy,Online Transfer,Kurunegala,0
935,2026-05-08,2208,Transport,Uber,Online Transfer,Kandy,0
936,2026-05-09,2077,Transport,PickMe,Card,Jaffna,0
937,2026-05-09,1787,Food,KFC,Cash,Kandy,0
938,2026-05-09,1104,Transport,Uber,Cash,Jaffna,0
939,2026-05-09,21649,Shopping,Amazon,Card,Kurunegala,0
940,2026-05-09,2002,Food,Cafe,Card,Galle,0
941,2026-05-09,11886,Healthcare,Hospital,Online Transfer,Colombo,0
942,2026-05-09,1789,Transport,Bus,Cash,Jaffna,0
943,2026-05-09,6087,Entertainment,Cinema,Cash,Kandy,0
944,2026-05-09,2537,Food,Cafe,Card,Colombo,0
945,2026-05-10,1398,Entertainment,Cinema,Online Transfer,Kurunegala,0
946,2026-05-10,19256,Healthcare,Hospital,Card,Kurunegala,0
947,2026-05-10,837,Food,Restaurant,Online Transfer,Jaffna,0
948,2026-05-10,822,Transport,PickMe,Online Transfer,Colombo,0
949,2026-05-10,2383,Transport,Taxi,Online Transfer,Jaffna,0
950,2026-05-10,872,Transport,PickMe,Online Transfer,Kurunegala,0
951,2026-05-11,8152,Healthcare,Pharmacy,Cash,Colombo,0
952,2026-05-11,19662,Shopping,Fashion Store,Online Transfer,Colombo,0
953,2026-05-11,2601,Bills,Water,Online Transfer,Galle,0
954,2026-05-11,7932,Bills,Water,Online Transfer,Jaffna,0
955,2026-05-11,1720,Transport,Taxi,Cash,Kandy,0
956,2026-05-11,4679,Food,Restaurant,Card,Galle,0
957,2026-05-11,9791,Shopping,Fashion Store,Cash,Kurunegala,0
958,2026-05-11,13401,Healthcare,Hospital,Online Transfer,Jaffna,0
959,2026-05-12,2142,Transport,PickMe,Cash,Galle,0
960,2026-05-12,6488,Healthcare,Hospital,Online Transfer,Galle,0
961,2026-05-12,2450,Food,Pizza Hut,Cash,Jaffna,0
962,2026-05-12,24934,Shopping,Amazon,Online Transfer,Galle,0
963,2026-05-12,6439,Bills,Electricity,Cash,Kandy,0
964,2026-05-12,9087,Entertainment,Gaming,Card,Kandy,0
965,2026-05-12,18103,Healthcare,Pharmacy,Cash,Kandy,0
966,2026-05-12,23903,Shopping,Amazon,Online Transfer,Kandy,0
967,2026-05-12,11859,Shopping,Daraz,Card,Galle,0
968,2026-05-12,6428,Bills,Internet,Card,Galle,0
969,2026-05-13,2942,Shopping,Amazon,Card,Colombo,0
970,2026-05-13,16848,Healthcare,Pharmacy,Cash,Galle,0
971,2026-05-13,12349,Bills,Internet,Card,Kurunegala,0
972,2026-05-13,3420,Entertainment,Gaming,Card,Colombo,0
973,2026-05-13,7706,Healthcare,Hospital,Online Transfer,Jaffna,0
974,2026-05-13,4571,Food,KFC,Card,Kandy,0
975,2026-05-13,12622,Bills,Electricity,Card,Jaffna,0
976,2026-05-13,1479,Transport,Taxi,Card,Kandy,0
977,2026-05-14,3452,Food,KFC,Cash,Kurunegala,0
978,2026-05-14,588,Food,Cafe,Cash,Kurunegala,0
979,2026-05-14,3475,Entertainment,Gaming,Card,Galle,0
980,2026-05-14,2022,Transport,PickMe,Card,Colombo,0
981,2026-05-14,9174,Entertainment,Cinema,Cash,Jaffna,0
982,2026-05-14,27891,Shopping,Daraz,Online Transfer,Kurunegala,0
983,2026-05-15,5745,Healthcare,Pharmacy,Cash,Jaffna,0
984,2026-05-15,747,Entertainment,Cinema,Online Transfer,Kurunegala,0
985,2026-05-15,3012,Entertainment,Gaming,Card,Kurunegala,0
986,2026-05-15,128486,Food,Pizza Hut,Card,Jaffna,1
987,2026-05-15,19374,Shopping,Fashion Store,Online Transfer,Kandy,0
988,2026-05-15,5831,Entertainment,Cinema,Online Transfer,Kandy,0
989,2026-05-15,3831,Entertainment,Cinema,Card,Galle,0
990,2026-05-15,1173,Bills,Internet,Card,Galle,0
991,2026-05-15,3191,Food,Cafe,Card,Kandy,0
992,2026-05-16,4911,Healthcare,Hospital,Online Transfer,Galle,0
993,2026-05-16,2959,Transport,Taxi,Online Transfer,Jaffna,0
994,2026-05-16,153587,Entertainment,Gaming,Card,Colombo,1
995,2026-05-16,3846,Food,Restaurant,Cash,Kurunegala,0
996,2026-05-16,4789,Entertainment,Netflix,Online Transfer,Galle,0
997,2026-05-16,28316,Shopping,Fashion Store,Card,Galle,0
998,2026-05-17,258124,Food,KFC,Card,Colombo,1
999,2026-05-17,2934,Transport,Uber,Online Transfer,Colombo,0
1000,2026-05-17,209732,Food,Pizza Hut,Cash,Kurunegala,1
1001,2026-05-17,16123,Healthcare,Hospital,Online Transfer,Jaffna,0
1002,2026-05-17,2816,Transport,Uber,Online Transfer,Kurunegala,0
1003,2026-05-17,3024,Food,Pizza Hut,Card,Jaffna,0
1004,2026-05-17,1556,Transport,Taxi,Card,Colombo,0
1005,2026-05-17,1548,Transport,PickMe,Card,Galle,0
1006,2026-05-17,1385,Food,Cafe,Cash,Kurunegala,0
1007,2026-05-17,12465,Shopping,Amazon,Cash,Colombo,0
1008,2026-05-18,28948,Shopping,Amazon,Cash,Kandy,0
1009,2026-05-18,1483,Transport,Uber,Cash,Colombo,0
1010,2026-05-18,17339,Healthcare,Hospital,Online Transfer,Colombo,0
1011,2026-05-18,19353,Healthcare,Hospital,Cash,Jaffna,0
1012,2026-05-18,2473,Food,KFC,Online Transfer,Jaffna,0
1013,2026-05-18,2432,Entertainment,Cinema,Card,Kandy,0
1014,2026-05-18,10895,Bills,Electricity,Cash,Colombo,0
1015,2026-05-18,8762,Bills,Water,Card,Kurunegala,0
1016,2026-05-18,17726,Shopping,Fashion Store,Cash,Jaffna,0
1017,2026-05-18,6497,Entertainment,Cinema,Online Transfer,Kurunegala,0
1018,2026-05-19,1029,Transport,Uber,Cash,Kandy,0
1019,2026-05-19,3330,Entertainment,Netflix,Card,Galle,0
1020,2026-05-19,3984,Healthcare,Hospital,Card,Galle,0
1021,2026-05-19,1795,Transport,Uber,Online Transfer,Jaffna,0
1022,2026-05-19,11908,Bills,Internet,Cash,Jaffna,0
1023,2026-05-19,734,Transport,Uber,Card,Colombo,0
1024,2026-05-19,6236,Entertainment,Gaming,Card,Jaffna,0
1025,2026-05-20,2091,Bills,Water,Card,Galle,0
1026,2026-05-20,9141,Entertainment,Netflix,Cash,Kandy,0
1027,2026-05-20,276379,Transport,Uber,Cash,Galle,1
1028,2026-05-20,4522,Healthcare,Hospital,Card,Colombo,0
1029,2026-05-20,12960,Shopping,Amazon,Cash,Kurunegala,0
1030,2026-05-20,12631,Healthcare,Pharmacy,Online Transfer,Galle,0
1031,2026-05-20,2236,Food,KFC,Online Transfer,Galle,0
1032,2026-05-21,4401,Entertainment,Netflix,Card,Galle,0
1033,2026-05-21,1404,Food,Restaurant,Online Transfer,Galle,0
1034,2026-05-21,17756,Healthcare,Hospital,Online Transfer,Jaffna,0
1035,2026-05-21,7671,Bills,Water,Card,Colombo,0
1036,2026-05-21,17681,Healthcare,Pharmacy,Card,Jaffna,0
1037,2026-05-22,914,Transport,PickMe,Cash,Colombo,0
1038,2026-05-22,1518,Entertainment,Cinema,Cash,Kurunegala,0
1039,2026-05-22,28757,Shopping,Fashion Store,Online Transfer,Galle,0
1040,2026-05-22,4246,Bills,Internet,Cash,Colombo,0
1041,2026-05-22,23654,Shopping,Amazon,Online Transfer,Galle,0
1042,2026-05-22,6726,Entertainment,Gaming,Card,Colombo,0
1043,2026-05-22,2127,Bills,Water,Online Transfer,Jaffna,0
1044,2026-05-23,8115,Bills,Internet,Cash,Kurunegala,0
1045,2026-05-23,2088,Food,Restaurant,Online Transfer,Kurunegala,0
1046,2026-05-23,1096,Food,Cafe,Online Transfer,Galle,0
1047,2026-05-23,273493,Bills,Water,Cash,Kandy,1
1048,2026-05-23,6886,Entertainment,Gaming,Card,Jaffna,0
1049,2026-05-23,2293,Transport,Uber,Cash,Kandy,0
1050,2026-05-23,4640,Healthcare,Hospital,Cash,Kandy,0
1051,2026-05-23,8030,Entertainment,Netflix,Online Transfer,Colombo,0
1052,2026-05-24,3800,Entertainment,Cinema,Cash,Colombo,0
1053,2026-05-24,18800,Healthcare,Pharmacy,Card,Colombo,0
1054,2026-05-24,229,Transport,Taxi,Online Transfer,Jaffna,0
1055,2026-05-24,2572,Healthcare,Hospital,Online Transfer,Colombo,0
1056,2026-05-24,1634,Entertainment,Cinema,Online Transfer,Jaffna,0
1057,2026-05-24,51221,Healthcare,Pharmacy,Online Transfer,Colombo,1
1058,2026-05-24,791,Food,Cafe,Cash,Jaffna,0
1059,2026-05-24,8120,Bills,Internet,Online Transfer,Galle,0
1060,2026-05-24,2382,Food,Pizza Hut,Cash,Galle,0
1061,2026-05-24,2625,Transport,Bus,Online Transfer,Colombo,0
1062,2026-05-25,2766,Food,Restaurant,Card,Kandy,0
1063,2026-05-25,3937,Bills,Electricity,Online Transfer,Galle,0
1064,2026-05-25,6629,Entertainment,Gaming,Cash,Kurunegala,0
1065,2026-05-25,23510,Shopping,Fashion Store,Card,Kandy,0
1066,2026-05-25,3809,Healthcare,Hospital,Cash,Kandy,0
1067,2026-05-26,18779,Healthcare,Hospital,Online Transfer,Galle,0
1068,2026-05-26,8984,Entertainment,Gaming,Card,Kurunegala,0
1069,2026-05-26,17494,Healthcare,Hospital,Card,Kandy,0
1070,2026-05-26,299502,Transport,Bus,Card,Kurunegala,1
1071,2026-05-26,6087,Entertainment,Cinema,Online Transfer,Jaffna,0
1072,2026-05-26,12565,Healthcare,Hospital,Cash,Kandy,0
1073,2026-05-26,11547,Healthcare,Pharmacy,Cash,Kurunegala,0
1074,2026-05-26,16406,Shopping,Fashion Store,Online Transfer,Kandy,0
1075,2026-05-26,6878,Healthcare,Hospital,Card,Kandy,0
1076,2026-05-26,9136,Bills,Electricity,Cash,Jaffna,0
1077,2026-05-27,813,Transport,Taxi,Card,Colombo,0
1078,2026-05-27,8051,Shopping,Daraz,Card,Kurunegala,0
1079,2026-05-27,2048,Transport,Uber,Card,Kandy,0
1080,2026-05-27,7373,Entertainment,Cinema,Online Transfer,Kandy,0
1081,2026-05-27,9090,Bills,Water,Card,Galle,0
1082,2026-05-27,3702,Food,KFC,Card,Galle,0
1083,2026-05-27,23710,Shopping,Amazon,Card,Colombo,0
1084,2026-05-27,3173,Healthcare,Pharmacy,Online Transfer,Jaffna,0
1085,2026-05-27,1473,Transport,Uber,Online Transfer,Kandy,0
1086,2026-05-27,10730,Bills,Water,Online Transfer,Jaffna,0
1087,2026-05-28,14762,Shopping,Amazon,Cash,Galle,0
1088,2026-05-28,2152,Transport,Uber,Cash,Jaffna,0
1089,2026-05-28,2265,Food,Restaurant,Card,Kandy,0
1090,2026-05-28,10005,Shopping,Daraz,Card,Kurunegala,0
1091,2026-05-28,10538,Shopping,Fashion Store,Cash,Jaffna,0
1092,2026-05-29,16544,Shopping,Daraz,Cash,Jaffna,0
1093,2026-05-29,7300,Bills,Water,Online Transfer,Jaffna,0
1094,2026-05-29,27082,Shopping,Daraz,Cash,Kurunegala,0
1095,2026-05-29,818,Food,KFC,Online Transfer,Galle,0
1096,2026-05-29,5086,Healthcare,Hospital,Card,Colombo,0
1097,2026-05-29,3193,Entertainment,Cinema,Cash,Jaffna,0
1098,2026-05-29,3317,Food,Pizza Hut,Online Transfer,Colombo,0
1099,2026-05-29,4500,Entertainment,Netflix,Card,Kurunegala,0
1100,2026-05-29,3449,Entertainment,Gaming,Cash,Kurunegala,0
1101,2026-05-29,71774,Transport,Taxi,Online Transfer,Kandy,1
1102,2026-05-30,14391,Healthcare,Pharmacy,Card,Kandy,0
1103,2026-05-30,1953,Food,KFC,Card,Galle,0
1104,2026-05-30,1257,Food,KFC,Online Transfer,Colombo,0
1105,2026-05-30,11008,Bills,Electricity,Online Transfer,Kurunegala,0
1106,2026-05-30,1894,Food,Restaurant,Cash,Galle,0
1107,2026-05-30,9704,Bills,Electricity,Online Transfer,Colombo,0
1108,2026-05-30,4633,Bills,Electricity,Online Transfer,Jaffna,0
1109,2026-05-30,137515,Bills,Water,Card,Galle,1
1110,2026-05-30,15967,Healthcare,Pharmacy,Cash,Kandy,0
1111,2026-05-31,2590,Food,Cafe,Online Transfer,Kandy,0
1112,2026-05-31,3549,Healthcare,Pharmacy,Card,Galle,0
1113,2026-05-31,2635,Transport,Bus,Cash,Kurunegala,0
1114,2026-05-31,1253,Transport,Bus,Online Transfer,Kurunegala,0
1115,2026-05-31,1579,Entertainment,Gaming,Online Transfer,Jaffna,0
1116,2026-05-31,3974,Food,Restaurant,Cash,Colombo,0
1117,2026-06-01,7802,Bills,Water,Cash,Kandy,0
1118,2026-06-01,3885,Entertainment,Gaming,Cash,Jaffna,0
1119,2026-06-01,9630,Bills,Water,Online Transfer,Jaffna,0
1120,2026-06-01,7613,Entertainment,Gaming,Card,Kurunegala,0
1121,2026-06-01,1144,Transport,PickMe,Card,Jaffna,0
1122,2026-06-01,14254,Shopping,Amazon,Cash,Galle,0
1123,2026-06-01,3874,Healthcare,Pharmacy,Online Transfer,Colombo,0
1124,2026-06-01,18991,Healthcare,Pharmacy,Card,Kandy,0
1125,2026-06-01,2051,Healthcare,Pharmacy,Cash,Jaffna,0
1126,2026-06-01,9820,Shopping,Amazon,Cash,Colombo,0
1127,2026-06-02,2759,Food,Pizza Hut,Cash,Kandy,0
1128,2026-06-02,1690,Transport,PickMe,Card,Kurunegala,0
1129,2026-06-02,15839,Shopping,Fashion Store,Card,Kurunegala,0
1130,2026-06-02,1133,Transport,Bus,Online Transfer,Jaffna,0
1131,2026-06-02,1994,Food,Restaurant,Cash,Galle,0
1132,2026-06-02,8922,Healthcare,Hospital,Cash,Galle,0
1133,2026-06-02,9203,Shopping,Amazon,Online Transfer,Galle,0
1134,2026-06-02,2300,Transport,Taxi,Card,Kandy,0
1135,2026-06-02,12541,Healthcare,Hospital,Online Transfer,Jaffna,0
1136,2026-06-03,2084,Bills,Internet,Online Transfer,Galle,0
1137,2026-06-03,8637,Entertainment,Gaming,Card,Colombo,0
1138,2026-06-03,5095,Shopping,Fashion Store,Card,Kandy,0
1139,2026-06-03,9637,Bills,Electricity,Card,Jaffna,0
1140,2026-06-03,83055,Transport,Uber,Online Transfer,Galle,1
1141,2026-06-03,2917,Bills,Internet,Cash,Kurunegala,0
1142,2026-06-03,1788,Transport,Uber,Cash,Kurunegala,0
1143,2026-06-04,18475,Healthcare,Pharmacy,Online Transfer,Galle,0
1144,2026-06-04,184294,Healthcare,Hospital,Card,Kurunegala,1
1145,2026-06-04,23275,Shopping,Fashion Store,Cash,Colombo,0
1146,2026-06-04,911,Food,Pizza Hut,Cash,Galle,0
1147,2026-06-04,2840,Transport,Bus,Online Transfer,Kandy,0
1148,2026-06-04,62937,Bills,Water,Online Transfer,Colombo,1
1149,2026-06-04,1707,Entertainment,Netflix,Card,Kandy,0
1150,2026-06-04,9280,Bills,Water,Card,Colombo,0
1151,2026-06-05,21751,Shopping,Amazon,Card,Kandy,0
1152,2026-06-05,2152,Food,Pizza Hut,Cash,Galle,0
1153,2026-06-05,2918,Transport,Uber,Cash,Jaffna,0
1154,2026-06-05,276670,Entertainment,Netflix,Card,Jaffna,1
1155,2026-06-05,1322,Shopping,Fashion Store,Card,Jaffna,0
1156,2026-06-05,3253,Shopping,Amazon,Cash,Colombo,0
1157,2026-06-05,2866,Transport,Bus,Online Transfer,Kurunegala,0
1158,2026-06-05,9144,Entertainment,Gaming,Card,Galle,0
1159,2026-06-05,5002,Entertainment,Netflix,Card,Colombo,0
1160,2026-06-06,14758,Shopping,Amazon,Online Transfer,Jaffna,0
1161,2026-06-06,10985,Shopping,Amazon,Cash,Galle,0
1162,2026-06-06,5738,Bills,Internet,Cash,Kurunegala,0
1163,2026-06-06,5909,Bills,Water,Cash,Galle,0
1164,2026-06-06,6208,Entertainment,Netflix,Card,Galle,0
1165,2026-06-06,9162,Entertainment,Netflix,Cash,Kurunegala,0
1166,2026-06-06,8563,Bills,Electricity,Card,Galle,0
1167,2026-06-06,1610,Transport,Taxi,Cash,Colombo,0
1168,2026-06-06,8559,Entertainment,Cinema,Online Transfer,Galle,0
1169,2026-06-06,7223,Entertainment,Gaming,Card,Kurunegala,0
1170,2026-06-07,1558,Transport,PickMe,Cash,Kurunegala,0
1171,2026-06-07,6784,Healthcare,Hospital,Cash,Kandy,0
1172,2026-06-07,13069,Bills,Internet,Card,Galle,0
1173,2026-06-07,4823,Food,Cafe,Online Transfer,Colombo,0
1174,2026-06-07,5614,Entertainment,Netflix,Card,Colombo,0
1175,2026-06-08,1097,Transport,Taxi,Online Transfer,Kandy,0
1176,2026-06-08,2319,Food,Pizza Hut,Cash,Galle,0
1177,2026-06-08,14650,Bills,Water,Online Transfer,Jaffna,0
1178,2026-06-08,12415,Bills,Electricity,Online Transfer,Jaffna,0
1179,2026-06-08,435,Transport,Taxi,Cash,Kandy,0
1180,2026-06-08,4602,Entertainment,Cinema,Cash,Jaffna,0
1181,2026-06-08,2235,Food,Pizza Hut,Card,Kurunegala,0
1182,2026-06-08,11667,Bills,Internet,Card,Kandy,0
1183,2026-06-09,2434,Healthcare,Hospital,Cash,Colombo,0
1184,2026-06-09,1181,Transport,Taxi,Cash,Colombo,0
1185,2026-06-09,3196,Food,Restaurant,Cash,Galle,0
1186,2026-06-09,4183,Healthcare,Pharmacy,Card,Colombo,0
1187,2026-06-09,23351,Shopping,Fashion Store,Cash,Kurunegala,0
1188,2026-06-09,5219,Shopping,Fashion Store,Online Transfer,Kandy,0
1189,2026-06-09,2183,Transport,Bus,Cash,Jaffna,0
1190,2026-06-10,3892,Entertainment,Gaming,Online Transfer,Jaffna,0
1191,2026-06-10,10733,Healthcare,Hospital,Cash,Jaffna,0
1192,2026-06-10,1992,Food,KFC,Cash,Galle,0
1193,2026-06-10,9812,Bills,Internet,Card,Kurunegala,0
1194,2026-06-10,6867,Shopping,Amazon,Online Transfer,Kurunegala,0
1195,2026-06-10,2035,Entertainment,Netflix,Online Transfer,Jaffna,0
1196,2026-06-10,1473,Food,Restaurant,Online Transfer,Kandy,0
1197,2026-06-11,2825,Shopping,Amazon,Card,Galle,0
1198,2026-06-11,59637,Food,Pizza Hut,Card,Kurunegala,1
1199,2026-06-11,2707,Transport,Uber,Cash,Kandy,0
1200,2026-06-11,2167,Healthcare,Pharmacy,Card,Galle,0
1201,2026-06-11,166841,Transport,Taxi,Online Transfer,Galle,1
1202,2026-06-12,5351,Entertainment,Netflix,Card,Galle,0
1203,2026-06-12,2133,Food,Pizza Hut,Cash,Colombo,0
1204,2026-06-12,1029,Healthcare,Pharmacy,Online Transfer,Kurunegala,0
1205,2026-06-12,4894,Food,KFC,Online Transfer,Kurunegala,0
1206,2026-06-12,8767,Healthcare,Hospital,Cash,Jaffna,0
1207,2026-06-12,598,Transport,PickMe,Cash,Kurunegala,0
1208,2026-06-12,7728,Shopping,Fashion Store,Cash,Jaffna,0
1209,2026-06-12,5283,Entertainment,Gaming,Cash,Kandy,0
1210,2026-06-12,7316,Bills,Electricity,Online Transfer,Kandy,0
1211,2026-06-13,2816,Food,KFC,Online Transfer,Kandy,0
1212,2026-06-13,2042,Transport,Uber,Card,Colombo,0
1213,2026-06-13,2217,Food,Cafe,Cash,Galle,0
1214,2026-06-13,2956,Entertainment,Netflix,Cash,Kandy,0
1215,2026-06-13,5834,Healthcare,Hospital,Cash,Colombo,0
1216,2026-06-13,2266,Transport,PickMe,Cash,Kandy,0
1217,2026-06-14,1739,Transport,Taxi,Cash,Colombo,0
1218,2026-06-14,2114,Transport,Bus,Online Transfer,Galle,0
1219,2026-06-14,9396,Entertainment,Netflix,Cash,Colombo,0
1220,2026-06-14,3675,Bills,Internet,Cash,Galle,0
1221,2026-06-14,1935,Food,Pizza Hut,Card,Colombo,0
1222,2026-06-14,13813,Healthcare,Pharmacy,Cash,Jaffna,0
1223,2026-06-14,4453,Food,Restaurant,Online Transfer,Kurunegala,0
1224,2026-06-14,1991,Food,Cafe,Cash,Jaffna,0
1225,2026-06-15,3641,Food,Cafe,Online Transfer,Jaffna,0
1226,2026-06-15,1370,Transport,Bus,Card,Galle,0
1227,2026-06-15,6719,Shopping,Fashion Store,Cash,Kurunegala,0
1228,2026-06-15,1137,Transport,Bus,Cash,Kandy,0
1229,2026-06-15,2759,Transport,Taxi,Card,Kandy,0
1230,2026-06-15,8272,Entertainment,Gaming,Online Transfer,Galle,0
1231,2026-06-16,10542,Healthcare,Pharmacy,Online Transfer,Colombo,0
1232,2026-06-16,3010,Food,Pizza Hut,Cash,Kandy,0
1233,2026-06-16,3750,Entertainment,Gaming,Online Transfer,Jaffna,0
1234,2026-06-16,298,Transport,Taxi,Online Transfer,Colombo,0
1235,2026-06-16,4650,Entertainment,Netflix,Online Transfer,Kurunegala,0
1236,2026-06-16,1839,Food,Pizza Hut,Online Transfer,Kandy,0
1237,2026-06-17,10206,Shopping,Daraz,Cash,Kandy,0
1238,2026-06-17,3664,Entertainment,Netflix,Card,Kandy,0
1239,2026-06-17,3253,Food,Cafe,Card,Kurunegala,0
1240,2026-06-17,2148,Food,KFC,Online Transfer,Kurunegala,0
1241,2026-06-17,12082,Healthcare,Hospital,Cash,Kandy,0
1242,2026-06-18,1960,Transport,Bus,Card,Galle,0
1243,2026-06-18,17824,Shopping,Amazon,Card,Kandy,0
1244,2026-06-18,1544,Food,Pizza Hut,Online Transfer,Jaffna,0
1245,2026-06-18,15568,Shopping,Fashion Store,Card,Kurunegala,0
1246,2026-06-18,855,Entertainment,Netflix,Cash,Kurunegala,0
1247,2026-06-18,10754,Bills,Electricity,Online Transfer,Galle,0
1248,2026-06-19,745,Food,Cafe,Cash,Kandy,0
1249,2026-06-19,2318,Transport,Uber,Card,Galle,0
1250,2026-06-19,6625,Entertainment,Gaming,Card,Jaffna,0
1251,2026-06-19,2960,Food,Cafe,Card,Jaffna,0
1252,2026-06-19,168430,Bills,Water,Online Transfer,Kandy,1
1253,2026-06-19,7785,Healthcare,Pharmacy,Card,Jaffna,0
1254,2026-06-19,15031,Shopping,Amazon,Cash,Colombo,0
1255,2026-06-19,5212,Healthcare,Hospital,Online Transfer,Galle,0
1256,2026-06-20,9212,Entertainment,Netflix,Cash,Kurunegala,0
1257,2026-06-20,23944,Shopping,Daraz,Card,Galle,0
1258,2026-06-20,1030,Transport,Taxi,Card,Colombo,0
1259,2026-06-20,3024,Food,Pizza Hut,Card,Kurunegala,0
1260,2026-06-20,9423,Entertainment,Netflix,Cash,Colombo,0
1261,2026-06-20,11334,Bills,Electricity,Online Transfer,Jaffna,0
1262,2026-06-20,2036,Bills,Electricity,Card,Kurunegala,0
1263,2026-06-20,4346,Entertainment,Netflix,Card,Galle,0
1264,2026-06-20,7576,Entertainment,Gaming,Cash,Colombo,0
1265,2026-06-21,18948,Healthcare,Pharmacy,Online Transfer,Kurunegala,0
1266,2026-06-21,699,Transport,Uber,Card,Colombo,0
1267,2026-06-21,17076,Shopping,Daraz,Cash,Kandy,0
1268,2026-06-21,22799,Shopping,Daraz,Online Transfer,Kurunegala,0
1269,2026-06-21,9889,Healthcare,Hospital,Cash,Colombo,0
1270,2026-06-22,14443,Bills,Electricity,Online Transfer,Kurunegala,0
1271,2026-06-22,4266,Food,Restaurant,Cash,Galle,0
1272,2026-06-22,1336,Transport,PickMe,Cash,Colombo,0
1273,2026-06-22,3852,Food,Restaurant,Online Transfer,Kandy,0
1274,2026-06-22,19842,Healthcare,Hospital,Cash,Kandy,0
1275,2026-06-22,9545,Bills,Electricity,Cash,Kandy,0
1276,2026-06-22,18478,Healthcare,Hospital,Cash,Kurunegala,0
1277,2026-06-23,10411,Healthcare,Hospital,Cash,Kurunegala,0
1278,2026-06-23,2852,Transport,Taxi,Cash,Colombo,0
1279,2026-06-23,6709,Shopping,Fashion Store,Online Transfer,Kurunegala,0
1280,2026-06-23,4917,Food,Pizza Hut,Online Transfer,Kurunegala,0
1281,2026-06-23,11600,Shopping,Daraz,Card,Kandy,0
1282,2026-06-23,11964,Healthcare,Pharmacy,Card,Kurunegala,0
1283,2026-06-23,2682,Transport,Taxi,Card,Kandy,0
1284,2026-06-23,3945,Food,KFC,Online Transfer,Kandy,0
1285,2026-06-23,8804,Bills,Water,Card,Jaffna,0
1286,2026-06-24,2655,Transport,Uber,Card,Kurunegala,0
1287,2026-06-24,7418,Shopping,Fashion Store,Cash,Kurunegala,0
1288,2026-06-24,29895,Shopping,Amazon,Card,Colombo,0
1289,2026-06-24,7578,Entertainment,Netflix,Card,Colombo,0
1290,2026-06-24,2527,Food,Restaurant,Card,Kurunegala,0
1291,2026-06-24,5916,Healthcare,Hospital,Online Transfer,Kandy,0
1292,2026-06-24,108774,Food,Cafe,Cash,Galle,1
1293,2026-06-24,2892,Transport,Uber,Card,Galle,0
1294,2026-06-24,16331,Shopping,Fashion Store,Card,Colombo,0
1295,2026-06-25,2907,Food,KFC,Online Transfer,Colombo,0
1296,2026-06-25,2603,Transport,Bus,Online Transfer,Galle,0
1297,2026-06-25,1760,Food,KFC,Cash,Jaffna,0
1298,2026-06-25,7992,Healthcare,Hospital,Online Transfer,Kurunegala,0
1299,2026-06-25,2018,Transport,Uber,Cash,Kandy,0
1300,2026-06-26,8824,Healthcare,Hospital,Cash,Kurunegala,0
1301,2026-06-26,3314,Food,Cafe,Card,Kurunegala,0
1302,2026-06-26,3412,Food,Cafe,Card,Jaffna,0
1303,2026-06-26,2704,Transport,Taxi,Online Transfer,Jaffna,0
1304,2026-06-26,2174,Food,Pizza Hut,Card,Jaffna,0
1305,2026-06-26,147549,Healthcare,Pharmacy,Card,Colombo,1
1306,2026-06-26,3034,Food,Restaurant,Cash,Kurunegala,0
1307,2026-06-27,1067,Entertainment,Gaming,Cash,Colombo,0
1308,2026-06-27,6774,Healthcare,Pharmacy,Online Transfer,Jaffna,0
1309,2026-06-27,3309,Bills,Water,Card,Kurunegala,0
1310,2026-06-27,5371,Bills,Internet,Cash,Jaffna,0
1311,2026-06-27,11529,Bills,Electricity,Card,Kurunegala,0
1312,2026-06-27,2029,Entertainment,Gaming,Card,Jaffna,0
1313,2026-06-27,4072,Bills,Electricity,Card,Galle,0
1314,2026-06-27,7342,Entertainment,Netflix,Card,Kurunegala,0
1315,2026-06-27,579,Food,KFC,Online Transfer,Jaffna,0
1316,2026-06-27,2998,Bills,Water,Cash,Kurunegala,0
1317,2026-06-28,13482,Bills,Electricity,Cash,Kurunegala,0
1318,2026-06-28,14463,Healthcare,Hospital,Online Transfer,Galle,0
1319,2026-06-28,1825,Transport,Bus,Card,Kandy,0
1320,2026-06-28,6246,Bills,Water,Card,Kandy,0
1321,2026-06-28,3252,Healthcare,Pharmacy,Cash,Kurunegala,0
1322,2026-06-28,6664,Bills,Internet,Cash,Kurunegala,0
1323,2026-06-28,6928,Bills,Internet,Cash,Kandy,0
1324,2026-06-28,8274,Entertainment,Netflix,Cash,Kandy,0
1325,2026-06-28,6051,Entertainment,Cinema,Online Transfer,Kurunegala,0
1326,2026-06-29,22455,Shopping,Fashion Store,Cash,Galle,0
1327,2026-06-29,21912,Shopping,Daraz,Online Transfer,Galle,0
1328,2026-06-29,18930,Healthcare,Pharmacy,Cash,Colombo,0
1329,2026-06-29,1024,Transport,Taxi,Online Transfer,Colombo,0
1330,2026-06-29,575,Transport,Uber,Card,Jaffna,0
1331,2026-06-29,18507,Healthcare,Pharmacy,Online Transfer,Galle,0
1332,2026-06-29,4436,Food,Restaurant,Online Transfer,Kandy,0
1333,2026-06-29,4085,Food,Restaurant,Cash,Kurunegala,0
1334,2026-06-29,589,Food,KFC,Card,Colombo,0
1335,2026-06-30,6014,Shopping,Fashion Store,Card,Kandy,0
1336,2026-06-30,1239,Transport,Taxi,Card,Kurunegala,0
1337,2026-06-30,1324,Food,Restaurant,Online Transfer,Kandy,0
1338,2026-06-30,17822,Shopping,Fashion Store,Online Transfer,Jaffna,0
1339,2026-06-30,1475,Transport,PickMe,Cash,Colombo,0
1340,2026-06-30,6385,Entertainment,Netflix,Online Transfer,Jaffna,0
